<?xml version="1.0" encoding="UTF-8"?>
<kml xmlns="http://www.opengis.net/kml/2.2" xmlns:gx="http://www.google.com/kml/ext/2.2" xmlns:kml="http://www.opengis.net/kml/2.2" xmlns:atom="http://www.w3.org/2005/Atom" xmlns:ex="http://earth.google.com/kml/ext">
<Document>
	<ex:extension>base64;CooBCoEBCn8KAggBEnkKdwokCiAKAwjQDxoHCNLtZRD_ASEAAAAAAADwPykAAAAAAAAAABgAEg8KCAitgO8HEP8BEKAfGAAaGgoHCP___wcQQBIICK2A7wcQ_wEYoB8gACgAIgkIARIFCP___wcqFwgBEggI____BxD_ARkAAAAAAADwPyAAEgQIARAA</ex:extension>
	<name>Stage-6-From-Alcossebre-to-Castelló-—-La-Vuelta-26</name>
	<open>1</open>
	<Snippet maxLines="2"><![CDATA[created using <a href="https://www.gpsvisualizer.com/?ref=ge&time=20260925023450">GPS Visualizer</a>]]></Snippet>
	<gx:CascadingStyle kml:id="__managed_style_04AE4BA8FE424D456324_highlight">
		<Style>
			<IconStyle>
				<scale>1.2</scale>
				<Icon>
					<href>https://earth.google.com/earth/document/icon?id=61&amp;scale=4</href>
				</Icon>
				<hotSpot x="64" y="128" xunits="pixels" yunits="insetPixels"/>
			</IconStyle>
			<LineStyle>
				<color>ff2dc0fb</color>
				<width>6</width>
			</LineStyle>
			<PolyStyle>
				<color>40ffffff</color>
			</PolyStyle>
			<BalloonStyle>
				<displayMode>hide</displayMode>
			</BalloonStyle>
		</Style>
	</gx:CascadingStyle>
	<gx:CascadingStyle kml:id="__managed_style_0503B3EBF5424D3EBD00_highlight">
		<Style>
			<IconStyle>
				<scale>1.2</scale>
				<Icon>
					<href>https://earth.google.com/earth/document/icon?color=ffee58&amp;id=2000&amp;scale=4</href>
				</Icon>
				<hotSpot x="64" y="128" xunits="pixels" yunits="insetPixels"/>
			</IconStyle>
			<LineStyle>
				<color>ff2dc0fb</color>
				<width>6</width>
			</LineStyle>
			<PolyStyle>
				<color>40ffffff</color>
			</PolyStyle>
			<BalloonStyle>
				<displayMode>hide</displayMode>
			</BalloonStyle>
		</Style>
	</gx:CascadingStyle>
	<gx:CascadingStyle kml:id="__managed_style_0143CBF80B424D468F46_normal">
		<ex:extension>base64;EgIYAQ</ex:extension>
		<Style>
			<IconStyle>
				<Icon>
					<href>https://earth.google.com/earth/document/icon?id=22&amp;scale=4</href>
				</Icon>
				<hotSpot x="64" y="128" xunits="pixels" yunits="insetPixels"/>
			</IconStyle>
			<LabelStyle>
			</LabelStyle>
			<LineStyle>
				<color>ff2dc0fb</color>
				<width>4</width>
			</LineStyle>
			<PolyStyle>
				<color>40ffffff</color>
			</PolyStyle>
			<BalloonStyle>
				<displayMode>hide</displayMode>
			</BalloonStyle>
		</Style>
	</gx:CascadingStyle>
	<gx:CascadingStyle kml:id="__managed_style_0503B3EBF5424D3EBD00_normal">
		<Style>
			<IconStyle>
				<Icon>
					<href>https://earth.google.com/earth/document/icon?color=ffee58&amp;id=2000&amp;scale=4</href>
				</Icon>
				<hotSpot x="64" y="128" xunits="pixels" yunits="insetPixels"/>
			</IconStyle>
			<LineStyle>
				<color>ff2dc0fb</color>
				<width>4</width>
			</LineStyle>
			<PolyStyle>
				<color>40ffffff</color>
			</PolyStyle>
			<BalloonStyle>
				<displayMode>hide</displayMode>
			</BalloonStyle>
		</Style>
	</gx:CascadingStyle>
	<gx:CascadingStyle kml:id="__managed_style_0503B3EBF5424D3EBD00_normal0">
		<Style>
			<IconStyle>
				<Icon>
					<href>https://earth.google.com/earth/document/icon?color=ffee58&amp;id=2000&amp;scale=4</href>
				</Icon>
				<hotSpot x="64" y="128" xunits="pixels" yunits="insetPixels"/>
			</IconStyle>
			<LineStyle>
				<color>ff2dc0fb</color>
				<width>4</width>
			</LineStyle>
			<PolyStyle>
				<color>40ffffff</color>
			</PolyStyle>
			<BalloonStyle>
				<displayMode>hide</displayMode>
			</BalloonStyle>
		</Style>
	</gx:CascadingStyle>
	<gx:CascadingStyle kml:id="__managed_style_0DC64A98FA424D45C320_highlight">
		<ex:extension>base64;EgIYAQ</ex:extension>
		<Style>
			<IconStyle>
				<scale>1.2</scale>
				<Icon>
					<href>https://earth.google.com/earth/document/icon?id=123&amp;scale=4</href>
				</Icon>
				<hotSpot x="64" y="128" xunits="pixels" yunits="insetPixels"/>
			</IconStyle>
			<LabelStyle>
			</LabelStyle>
			<LineStyle>
				<color>ff2dc0fb</color>
				<width>6</width>
			</LineStyle>
			<PolyStyle>
				<color>40ffffff</color>
			</PolyStyle>
			<BalloonStyle>
				<displayMode>hide</displayMode>
			</BalloonStyle>
		</Style>
	</gx:CascadingStyle>
	<gx:CascadingStyle kml:id="__managed_style_0143CBF80B424D468F46_highlight">
		<ex:extension>base64;EgIYAQ</ex:extension>
		<Style>
			<IconStyle>
				<scale>1.2</scale>
				<Icon>
					<href>https://earth.google.com/earth/document/icon?id=22&amp;scale=4</href>
				</Icon>
				<hotSpot x="64" y="128" xunits="pixels" yunits="insetPixels"/>
			</IconStyle>
			<LabelStyle>
			</LabelStyle>
			<LineStyle>
				<color>ff2dc0fb</color>
				<width>6</width>
			</LineStyle>
			<PolyStyle>
				<color>40ffffff</color>
			</PolyStyle>
			<BalloonStyle>
				<displayMode>hide</displayMode>
			</BalloonStyle>
		</Style>
	</gx:CascadingStyle>
	<gx:CascadingStyle kml:id="__managed_style_0DC64A98FA424D45C320_normal">
		<ex:extension>base64;EgIYAQ</ex:extension>
		<Style>
			<IconStyle>
				<Icon>
					<href>https://earth.google.com/earth/document/icon?id=123&amp;scale=4</href>
				</Icon>
				<hotSpot x="64" y="128" xunits="pixels" yunits="insetPixels"/>
			</IconStyle>
			<LabelStyle>
			</LabelStyle>
			<LineStyle>
				<color>ff2dc0fb</color>
				<width>4</width>
			</LineStyle>
			<PolyStyle>
				<color>40ffffff</color>
			</PolyStyle>
			<BalloonStyle>
				<displayMode>hide</displayMode>
			</BalloonStyle>
		</Style>
	</gx:CascadingStyle>
	<StyleMap id="__managed_style_0143CBF80B424D468F46">
		<Pair>
			<key>normal</key>
			<styleUrl>#__managed_style_0143CBF80B424D468F46_normal</styleUrl>
		</Pair>
		<Pair>
			<key>highlight</key>
			<styleUrl>#__managed_style_0143CBF80B424D468F46_highlight</styleUrl>
		</Pair>
	</StyleMap>
	<gx:CascadingStyle kml:id="__managed_style_04AE4BA8FE424D456324_highlight0">
		<ex:extension>base64;EgIYAQ</ex:extension>
		<Style>
			<IconStyle>
				<scale>1.2</scale>
				<Icon>
					<href>https://earth.google.com/earth/document/icon?id=61&amp;scale=4</href>
				</Icon>
				<hotSpot x="64" y="128" xunits="pixels" yunits="insetPixels"/>
			</IconStyle>
			<LabelStyle>
			</LabelStyle>
			<LineStyle>
				<color>ff2dc0fb</color>
				<width>6</width>
			</LineStyle>
			<PolyStyle>
				<color>40ffffff</color>
			</PolyStyle>
			<BalloonStyle>
				<displayMode>hide</displayMode>
			</BalloonStyle>
		</Style>
	</gx:CascadingStyle>
	<StyleMap id="__managed_style_04AE4BA8FE424D456324">
		<Pair>
			<key>normal</key>
			<styleUrl>#__managed_style_04AE4BA8FE424D456324_normal0</styleUrl>
		</Pair>
		<Pair>
			<key>highlight</key>
			<styleUrl>#__managed_style_04AE4BA8FE424D456324_highlight1</styleUrl>
		</Pair>
	</StyleMap>
	<gx:CascadingStyle kml:id="__managed_style_04AE4BA8FE424D456324_highlight1">
		<Style>
			<IconStyle>
				<scale>1.2</scale>
				<Icon>
					<href>https://earth.google.com/earth/document/icon?id=61&amp;scale=4</href>
				</Icon>
				<hotSpot x="64" y="128" xunits="pixels" yunits="insetPixels"/>
			</IconStyle>
			<LineStyle>
				<color>ff2dc0fb</color>
				<width>6</width>
			</LineStyle>
			<PolyStyle>
				<color>40ffffff</color>
			</PolyStyle>
			<BalloonStyle>
				<displayMode>hide</displayMode>
			</BalloonStyle>
		</Style>
	</gx:CascadingStyle>
	<gx:CascadingStyle kml:id="__managed_style_0503B3EBF5424D3EBD00_normal1">
		<ex:extension>base64;EgIYAQ</ex:extension>
		<Style>
			<IconStyle>
				<Icon>
					<href>https://earth.google.com/earth/document/icon?color=ffee58&amp;id=2000&amp;scale=4</href>
				</Icon>
				<hotSpot x="64" y="128" xunits="pixels" yunits="insetPixels"/>
			</IconStyle>
			<LabelStyle>
			</LabelStyle>
			<LineStyle>
				<color>ff2dc0fb</color>
				<width>4</width>
			</LineStyle>
			<PolyStyle>
				<color>40ffffff</color>
			</PolyStyle>
			<BalloonStyle>
				<displayMode>hide</displayMode>
			</BalloonStyle>
		</Style>
	</gx:CascadingStyle>
	<StyleMap id="__managed_style_04AE4BA8FE424D4563240">
		<Pair>
			<key>normal</key>
			<styleUrl>#__managed_style_04AE4BA8FE424D456324_normal1</styleUrl>
		</Pair>
		<Pair>
			<key>highlight</key>
			<styleUrl>#__managed_style_04AE4BA8FE424D456324_highlight</styleUrl>
		</Pair>
	</StyleMap>
	<StyleMap id="__managed_style_04AE4BA8FE424D4563241">
		<Pair>
			<key>normal</key>
			<styleUrl>#__managed_style_04AE4BA8FE424D456324_normal</styleUrl>
		</Pair>
		<Pair>
			<key>highlight</key>
			<styleUrl>#__managed_style_04AE4BA8FE424D456324_highlight0</styleUrl>
		</Pair>
	</StyleMap>
	<gx:CascadingStyle kml:id="__managed_style_0503B3EBF5424D3EBD00_highlight0">
		<Style>
			<IconStyle>
				<scale>1.2</scale>
				<Icon>
					<href>https://earth.google.com/earth/document/icon?color=ffee58&amp;id=2000&amp;scale=4</href>
				</Icon>
				<hotSpot x="64" y="128" xunits="pixels" yunits="insetPixels"/>
			</IconStyle>
			<LineStyle>
				<color>ff2dc0fb</color>
				<width>6</width>
			</LineStyle>
			<PolyStyle>
				<color>40ffffff</color>
			</PolyStyle>
			<BalloonStyle>
				<displayMode>hide</displayMode>
			</BalloonStyle>
		</Style>
	</gx:CascadingStyle>
	<gx:CascadingStyle kml:id="__managed_style_0503B3EBF5424D3EBD00_highlight1">
		<ex:extension>base64;EgIYAQ</ex:extension>
		<Style>
			<IconStyle>
				<scale>1.2</scale>
				<Icon>
					<href>https://earth.google.com/earth/document/icon?color=ffee58&amp;id=2000&amp;scale=4</href>
				</Icon>
				<hotSpot x="64" y="128" xunits="pixels" yunits="insetPixels"/>
			</IconStyle>
			<LabelStyle>
			</LabelStyle>
			<LineStyle>
				<color>ff2dc0fb</color>
				<width>6</width>
			</LineStyle>
			<PolyStyle>
				<color>40ffffff</color>
			</PolyStyle>
			<BalloonStyle>
				<displayMode>hide</displayMode>
			</BalloonStyle>
		</Style>
	</gx:CascadingStyle>
	<gx:CascadingStyle kml:id="__managed_style_04AE4BA8FE424D456324_normal">
		<ex:extension>base64;EgIYAQ</ex:extension>
		<Style>
			<IconStyle>
				<Icon>
					<href>https://earth.google.com/earth/document/icon?id=61&amp;scale=4</href>
				</Icon>
				<hotSpot x="64" y="128" xunits="pixels" yunits="insetPixels"/>
			</IconStyle>
			<LabelStyle>
			</LabelStyle>
			<LineStyle>
				<color>ff2dc0fb</color>
				<width>4</width>
			</LineStyle>
			<PolyStyle>
				<color>40ffffff</color>
			</PolyStyle>
			<BalloonStyle>
				<displayMode>hide</displayMode>
			</BalloonStyle>
		</Style>
	</gx:CascadingStyle>
	<StyleMap id="__managed_style_0503B3EBF5424D3EBD00">
		<Pair>
			<key>normal</key>
			<styleUrl>#__managed_style_0503B3EBF5424D3EBD00_normal0</styleUrl>
		</Pair>
		<Pair>
			<key>highlight</key>
			<styleUrl>#__managed_style_0503B3EBF5424D3EBD00_highlight0</styleUrl>
		</Pair>
	</StyleMap>
	<StyleMap id="__managed_style_0503B3EBF5424D3EBD000">
		<Pair>
			<key>normal</key>
			<styleUrl>#__managed_style_0503B3EBF5424D3EBD00_normal1</styleUrl>
		</Pair>
		<Pair>
			<key>highlight</key>
			<styleUrl>#__managed_style_0503B3EBF5424D3EBD00_highlight1</styleUrl>
		</Pair>
	</StyleMap>
	<StyleMap id="__managed_style_0DC64A98FA424D45C320">
		<Pair>
			<key>normal</key>
			<styleUrl>#__managed_style_0DC64A98FA424D45C320_normal</styleUrl>
		</Pair>
		<Pair>
			<key>highlight</key>
			<styleUrl>#__managed_style_0DC64A98FA424D45C320_highlight</styleUrl>
		</Pair>
	</StyleMap>
	<gx:CascadingStyle kml:id="__managed_style_04AE4BA8FE424D456324_normal0">
		<Style>
			<IconStyle>
				<Icon>
					<href>https://earth.google.com/earth/document/icon?id=61&amp;scale=4</href>
				</Icon>
				<hotSpot x="64" y="128" xunits="pixels" yunits="insetPixels"/>
			</IconStyle>
			<LineStyle>
				<color>ff2dc0fb</color>
				<width>4</width>
			</LineStyle>
			<PolyStyle>
				<color>40ffffff</color>
			</PolyStyle>
			<BalloonStyle>
				<displayMode>hide</displayMode>
			</BalloonStyle>
		</Style>
	</gx:CascadingStyle>
	<StyleMap id="__managed_style_0503B3EBF5424D3EBD001">
		<Pair>
			<key>normal</key>
			<styleUrl>#__managed_style_0503B3EBF5424D3EBD00_normal</styleUrl>
		</Pair>
		<Pair>
			<key>highlight</key>
			<styleUrl>#__managed_style_0503B3EBF5424D3EBD00_highlight</styleUrl>
		</Pair>
	</StyleMap>
	<gx:CascadingStyle kml:id="__managed_style_04AE4BA8FE424D456324_normal1">
		<Style>
			<IconStyle>
				<Icon>
					<href>https://earth.google.com/earth/document/icon?id=61&amp;scale=4</href>
				</Icon>
				<hotSpot x="64" y="128" xunits="pixels" yunits="insetPixels"/>
			</IconStyle>
			<LineStyle>
				<color>ff2dc0fb</color>
				<width>4</width>
			</LineStyle>
			<PolyStyle>
				<color>40ffffff</color>
			</PolyStyle>
			<BalloonStyle>
				<displayMode>hide</displayMode>
			</BalloonStyle>
		</Style>
	</gx:CascadingStyle>
	<Folder id="Tracks">
		<ex:extension>base64;GgA</ex:extension>
		<name>Tracks</name>
		<open>1</open>
		<Placemark id="0637FB3DF9424D385F1B">
			<name>Stage 6: From Alcossebre to Castelló — La Vuelta 26</name>
			<Snippet maxLines="0"></Snippet>
			<description>&amp;nbsp;</description>
			<Style>
				<LineStyle>
					<color>ff0000e6</color>
					<width>4</width>
				</LineStyle>
			</Style>
			<LineString>
				<tessellate>1</tessellate>
				<coordinates>
					0.246426,40.252016,59.89999999999999 0.246291,40.25229,60 0.246035,40.252926,60.4 0.245851,40.25374,61.1 0.24565,40.254615,61.6 0.245496,40.255029,61.89999999999999 0.24527,40.255617,62.4 0.244956,40.256226,63 0.244676,40.256859,63.8 0.244351,40.257609,65 0.243542,40.260983,71.3 0.243184,40.262154,72.2 0.242885,40.263014,72.8 0.242797,40.26327,73.09999999999999 0.242081,40.265269,76.7 0.241618,40.267109,81.7 0.241522,40.267308,82.2 0.241018,40.267803,83.90000000000001 0.240774,40.268153,84.90000000000001 0.240844,40.269492,88.3 0.240821,40.26972,89 0.240787,40.270068,90.2 0.24061,40.270573,92.09999999999999 0.240505,40.270882,93.40000000000001 0.240369,40.271196,94.7 0.240213,40.271481,96 0.239898,40.271923,98.19999999999999 0.239604,40.272259,99.90000000000002 0.23906,40.272743,102.4 0.238343,40.273205,105.1 0.237971,40.27339,106.3 0.23756,40.273561,107.5 0.237079,40.273727,109.1 0.235399,40.274232,115 0.233242,40.274895,123.1 0.23273,40.275114,125.2 0.232334,40.275323,126.9 0.231971,40.275546,128.5 0.231512,40.275874,130.3 0.230951,40.276309,132 0.23014,40.276928,134 0.229366,40.277538,136 0.228941,40.277873,137.7 0.227039,40.279361,147.7 0.226675,40.279687,149.8 0.226323,40.280041,151.8 0.225937,40.280506,153.9 0.225549,40.281037,155.6 0.225383,40.28132,156.2 0.225072,40.281929,157.1 0.224918,40.282312,157.4 0.224751,40.282878,157.5 0.224615,40.283665,157.6 0.224594,40.284134,157.6 0.224636,40.285039,157.6 0.225083,40.287805,157.1 0.225371,40.289374,156.6 0.226248,40.294244,149 0.226298,40.29452,148.8 0.226401,40.295104,148.4 0.226747,40.297054,148.4 0.226871,40.297389,148.3 0.226968,40.297565,148.3 0.227132,40.29775,148.3 0.227298,40.297906,148.3 0.227462,40.298118,148.4 0.227747,40.298863,149.3 0.227761,40.298997,149.4 0.227664,40.299111,149.6 0.22727,40.299303,150.1 0.227177,40.29935,150.2 0.227034,40.299421,150.3 0.226716,40.299565,150.6 0.226252,40.299807,150.8 0.225973,40.300039,150.8 0.225647,40.300485,150.6 0.22554,40.300723,150.5 0.225297,40.301001,150.5 0.225241,40.301336,150.6 0.225222,40.301383,150.6 0.226185,40.302373,151.2 0.226292,40.302495,151.2 0.226629,40.302846,151.3 0.226955,40.303192,151.5 0.227607,40.303865,151.8 0.227873,40.304138,151.8 0.228407,40.304704,151.8 0.228915,40.305263,151.7 0.229239,40.306035,152.6 0.229267,40.306102,152.6 0.229169,40.306099,152.7 0.229169,40.306099,152.8 0.228366,40.306082,154.1 0.227563,40.306064,155.7 0.226746,40.306039,157.2 0.226554,40.306161,157.7 0.226476,40.306059,158 0.226316,40.305987,158.3 0.226136,40.30594,158.7 0.225828,40.305842,159.3 0.225742,40.305813,159.5 0.225367,40.305798,160.1 0.22525,40.305772,160.3 0.225011,40.305685,160.7 0.224819,40.305615,161.1 0.22394,40.305215,162.1 0.2234,40.304924,162.6 0.223111,40.305067,162.7 0.223058,40.305095,162.7 0.222814,40.305038,162.9 0.222297,40.304918,163.2 0.221941,40.304826,163.4 0.22103,40.304345,164.1 0.220769,40.304206,164.2 0.220218,40.3039,164.5 0.219799,40.303729,164.6 0.219167,40.30353,165.1 0.218889,40.303397,165.3 0.218283,40.303018,166.5 0.218033,40.302936,166.9 0.21787,40.302916,167.2 0.209832,40.302698,182.8 0.201391,40.302452,214.5 0.200879,40.302434,216.7 0.199418,40.302382,223.1 0.198484,40.302349,226.8 0.191511,40.302077,247.1 0.190821,40.302005,248.8 0.189637,40.301816,251.4 0.189449,40.301684,251.8 0.187854,40.299405,254.9 0.187499,40.299005,255.4 0.187121,40.29858,255.7 0.186961,40.298485,255.7 0.186528,40.298325,255.6 0.186419,40.298231,255.6 0.18638,40.298021,255.5 0.186668,40.297667,255.4 0.186734,40.297457,255.3 0.186714,40.297343,255.3 0.186667,40.29726,255.2 0.18653,40.297139,255.2 0.186499,40.297074,255.2 0.186493,40.296945,255.2 0.186611,40.296681,255.4 0.186525,40.296383,255.8 0.186426,40.296139,256.4 0.185674,40.295158,259.6 0.185248,40.294785,261.8 0.184928,40.294589,263.6 0.184529,40.294437,265.5 0.18439,40.294407,266 0.184165,40.294397,266.9 0.18405,40.294372,267.4 0.183958,40.294318,267.9 0.183731,40.294016,269.7 0.183576,40.293451,271.9 0.183385,40.293193,272.7 0.183145,40.293028,273.2 0.182732,40.292898,274.1 0.182612,40.292839,274.5 0.18199,40.2924,277.8 0.181912,40.292379,278.3 0.181761,40.292434,279.2 0.181301,40.292974,285.1 0.180806,40.293734,293.8 0.180763,40.293877,295 0.18077,40.294202,297.4 0.180739,40.294266,297.8 0.180664,40.294311,298.2 0.180569,40.294334,298.6 0.180251,40.294357,299.5 0.180034,40.29441,299.8 0.179933,40.294471,299.9 0.17985,40.294559,299.9 0.179775,40.294711,299.7 0.179742,40.294876,299.3 0.179724,40.295582,296.9 0.179699,40.295648,296.7 0.179628,40.295713,296.4 0.179525,40.295743,296.1 0.179267,40.295732,295.4 0.179122,40.295701,295 0.178978,40.295597,294.5 0.178973,40.295463,294 0.179071,40.295187,292.9 0.179054,40.295109,292.6 0.179005,40.295044,292.3 0.178792,40.294947,291.5 0.178318,40.294839,289.8 0.177953,40.294838,288.3 0.177308,40.294943,284.9 0.177175,40.295005,284 0.176871,40.29523,281.3 0.176755,40.295284,280.4 0.176637,40.295308,279.6 0.174674,40.295429,266.1 0.174435,40.29542,264.5 0.174035,40.295322,262.1 0.173672,40.295129,260.4 0.173582,40.295105,260.1 0.173403,40.295149,259.7 0.173208,40.295291,259.3 0.173165,40.295369,259.3 0.173179,40.295444,259.3 0.173234,40.295502,259.3 0.174076,40.295995,259.7 0.174141,40.296051,259.7 0.174159,40.296177,259.6 0.174093,40.296239,259.4 0.173495,40.296536,257.1 0.17335,40.296566,256.2 0.172808,40.296517,252.3 0.171409,40.296622,240.8 0.171247,40.296663,239.6 0.170574,40.296985,235.7 0.170463,40.297055,235.2 0.170423,40.297111,234.9 0.170418,40.297188,234.6 0.170633,40.297874,232.7 0.170808,40.298142,231.9 0.170804,40.298242,231.6 0.170727,40.298292,231.4 0.17061,40.298286,231 0.170559,40.29823,230.7 0.170535,40.298079,230 0.17032,40.297614,227.1 0.17021,40.297491,226.3 0.169888,40.297216,224.4 0.169817,40.297138,224 0.169807,40.297065,223.7 0.169847,40.296998,223.5 0.169926,40.296937,223.2 0.17086,40.296381,223.2 0.171284,40.296087,224.3 0.171868,40.29582,224.1 0.171905,40.295765,223.9 0.171908,40.2957,223.7 0.171845,40.295624,223.4 0.171555,40.295479,222 0.170774,40.295169,216 0.170354,40.295091,212.1 0.170187,40.295092,210.5 0.168931,40.295249,199.2 0.168487,40.295325,195.7 0.1672,40.295398,187 0.166874,40.295441,185.2 0.165868,40.295449,180.9 0.165584,40.295432,180.2 0.164771,40.295333,180.4 0.164671,40.295336,180.6 0.164592,40.295364,180.8 0.164527,40.295409,181 0.164499,40.295466,181.2 0.164494,40.295527,181.4 0.164526,40.295588,181.7 0.16495,40.295949,184.2 0.165128,40.29605,185.1 0.165424,40.296185,186.6 0.166276,40.296421,189.8 0.166501,40.296516,190.2 0.167136,40.296885,190.2 0.167271,40.296935,190 0.167369,40.296939,189.8 0.16775,40.296853,188.8 0.167865,40.296851,188.5 0.16796,40.296882,188.2 0.16806,40.296985,187.7 0.168073,40.297077,187.2 0.167987,40.2975,185 0.167617,40.299969,171.7 0.167565,40.300065,171.2 0.167381,40.300196,170.4 0.166875,40.300316,168.9 0.166539,40.300377,168.2 0.165714,40.300529,167.6 0.165552,40.300579,167.7 0.165442,40.300633,167.7 0.165313,40.300747,167.9 0.165279,40.30085,168 0.165317,40.301688,170.2 0.165258,40.301992,171.2 0.164412,40.303869,179.3 0.164318,40.303972,179.8 0.16329,40.304712,184.3 0.16316,40.304778,184.8 0.163012,40.304818,185.3 0.161896,40.304928,188.7 0.161644,40.304983,189.4 0.160439,40.30535,193.3 0.159709,40.305565,196.3 0.159441,40.305611,197.6 0.158203,40.305745,203.9 0.157401,40.305871,207.7 0.155763,40.306347,215.1 0.155572,40.306387,216 0.154964,40.306412,218.9 0.153737,40.306406,223.4 0.153436,40.306415,224.2 0.153304,40.306439,224.5 0.153099,40.306536,225.1 0.152981,40.306651,225.5 0.152508,40.307239,227.3 0.152226,40.307446,228.2 0.151871,40.307578,229.4 0.151136,40.307759,232.1 0.150299,40.308028,235.4 0.15013,40.308105,236.1 0.150038,40.308172,236.5 0.149908,40.308377,237.6 0.14963,40.309512,242.8 0.14956,40.309683,243.5 0.149392,40.309893,244.3 0.148512,40.310536,247.1 0.148384,40.310652,247.5 0.14829,40.310788,247.9 0.148238,40.310926,248.3 0.148132,40.311564,250.2 0.148039,40.311881,251.3 0.147857,40.312191,252.3 0.147454,40.312707,254.1 0.147325,40.312824,254.5 0.147217,40.312885,254.9 0.146982,40.31295,255.4 0.146832,40.312959,255.8 0.145119,40.312995,261.5 0.144721,40.313032,263.1 0.144357,40.313168,264.8 0.144198,40.313282,265.7 0.143504,40.31396,270.7 0.143369,40.314212,272.2 0.143339,40.314375,273.1 0.143326,40.314856,275.4 0.14328,40.315226,277.1 0.143157,40.315351,277.7 0.143063,40.315389,278 0.142943,40.315403,278.4 0.141874,40.315298,281.8 0.141477,40.315299,283.3 0.14108,40.315377,284.6 0.140162,40.315646,287 0.138217,40.316284,284.9 0.138028,40.316331,284.4 0.137708,40.31635,283.7 0.137335,40.316198,282.5 0.137186,40.316102,282 0.137076,40.315995,281.4 0.137004,40.31586,280.8 0.136906,40.315534,279.6 0.136858,40.31545,279.2 0.136787,40.315392,279 0.136431,40.315265,278 0.136331,40.315199,277.7 0.13585,40.314771,275.7 0.135587,40.314468,274.1 0.135441,40.314386,273.6 0.135253,40.314417,272.9 0.134269,40.314815,267.6 0.134115,40.31493,266.4 0.134127,40.315049,265.4 0.134256,40.315235,263.7 0.134278,40.315324,262.9 0.134375,40.317338,246.2 0.134359,40.317479,245.4 0.133625,40.31993,234.3 0.133459,40.320121,233.4 0.133097,40.320374,232.1 0.132843,40.32041,231.4 0.132391,40.320371,230.4 0.132262,40.320324,230.1 0.131627,40.319957,228.7 0.13151,40.319869,228.3 0.131371,40.319665,227.5 0.131136,40.319129,225.2 0.130275,40.318045,221.5 0.13024,40.317895,221.8 0.130268,40.317814,222 0.130802,40.317279,222.1 0.130847,40.317218,221.9 0.130833,40.317118,221.8 0.130777,40.317069,221.6 0.130691,40.317043,221.6 0.130601,40.317051,221.4 0.130362,40.317128,221.1 0.130198,40.317145,220.6 0.129805,40.317125,218.9 0.129684,40.317079,218.2 0.129597,40.316988,217.3 0.129107,40.316155,213.3 0.129046,40.315977,212.5 0.129061,40.315825,211.9 0.128982,40.31569,211.3 0.128885,40.31565,211 0.128218,40.315513,209 0.128056,40.315449,208.4 0.126824,40.314785,198.5 0.125376,40.314023,189.1 0.125227,40.313967,188.1 0.124961,40.313955,186.6 0.124776,40.313999,185.5 0.124635,40.314092,184.5 0.124264,40.314442,181.2 0.123381,40.315288,177.1 0.123215,40.315434,176.8 0.122656,40.315804,176.4 0.122392,40.315463,176.5 0.122231,40.315246,176.5 0.122196,40.315202,176.5 0.122047,40.314988,176.4 0.122042,40.314978,176.4 0.121973,40.314826,176.2 0.121823,40.314129,176 0.121715,40.313674,176.5 0.121639,40.31338,177.3 0.121595,40.313213,178 0.121543,40.312948,179.4 0.121346,40.312117,184.7 0.121336,40.312071,185 0.121304,40.311943,185.8 0.121286,40.311673,187.4 0.121293,40.311213,189.4 0.121359,40.310747,190.3 0.121721,40.310043,189.3 0.121791,40.309926,188.8 0.121807,40.309828,188.4 0.121731,40.309451,186.6 0.121593,40.309385,186 0.121511,40.309358,185.7 0.121001,40.309189,183.7 0.120416,40.308995,181.6 0.120016,40.308862,180.5 0.119939,40.308836,180.3 0.119734,40.308768,180 0.11837,40.308316,178.4 0.11801,40.308196,177.9 0.117537,40.308039,177.5 0.116348,40.307645,178.3 0.115973,40.30752,179.1 0.115705,40.307431,179.7 0.11559,40.307392,180 0.114674,40.307083,182 0.114051,40.306872,182.7 0.113981,40.306849,182.8 0.113538,40.306659,183.1 0.113538,40.306659,183 0.113276,40.306573,183.1 0.113128,40.306496,183.2 0.113026,40.306422,183.2 0.112329,40.305774,183.3 0.111,40.304183,184.1 0.110101,40.303094,187 0.107878,40.300398,197.7 0.105104,40.297059,208.9 0.104922,40.296866,209.6 0.104391,40.296336,211.6 0.102878,40.294947,216.9 0.101425,40.293616,220 0.100964,40.293154,220.6 0.100677,40.292798,221 0.09957800000000001,40.291096,223 0.099414,40.290839,223.3 0.09819100000000001,40.288916,224.4 0.097778,40.28821,224.1 0.09740700000000001,40.28748,223.6 0.09713599999999999,40.286908,223.2 0.09708800000000001,40.286807,223.2 0.09703299999999999,40.28669,223.1 0.09697500000000001,40.286569,223.1 0.096122,40.284789,222.9 0.09585799999999998,40.284185,223 0.09548899999999999,40.283203,222.1 0.09533800000000002,40.28272,222.3 0.09494399999999999,40.281466,226.3 0.09492499999999998,40.281405,226.6 0.094626,40.280452,231.7 0.094289,40.279512,235.9 0.094268,40.279454,236.1 0.093917,40.278599,238.4 0.092506,40.275308,243.4 0.092166,40.274633,243.9 0.09194699999999999,40.274307,243.7 0.09171100000000001,40.274009,243.2 0.09131199999999999,40.273603,242.2 0.090989,40.273332,241.5 0.09050200000000001,40.272988,240.8 0.08763700000000001,40.271082,242.6 0.087557,40.271028,242.6 0.080191,40.266153,244.2 0.079816,40.26587,244.8 0.079314,40.265343,246.5 0.077888,40.263452,255.6 0.077635,40.263013,258.7 0.07753599999999999,40.262752,260.8 0.077463,40.262454,263.5 0.077416,40.262071,267.3 0.077415,40.261748,270.6 0.077474,40.261367,274.1 0.07757500000000001,40.260945,277.4 0.077926,40.25999,280.8 0.07802000000000001,40.259109,278 0.078016,40.258654,276.1 0.077986,40.25843,275.2 0.07802000000000001,40.258398,275 0.078071,40.25832,274.6 0.07818899999999999,40.258305,274.2 0.078398,40.258401,273.5 0.078782,40.25852,272.5 0.079543,40.258667,272.3 0.07983,40.258761,272.7 0.080495,40.259127,274.2 0.08056099999999999,40.259201,274.5 0.080567,40.259307,274.9 0.080525,40.259368,275.2 0.080442,40.259419,275.5 0.079806,40.259633,278 0.078184,40.260182,283.3 0.077524,40.260404,285 0.07567599999999999,40.261037,288.8 0.073281,40.261909,294.2 0.073227,40.261928,294.4 0.072648,40.262158,296 0.071076,40.262754,301.7 0.070978,40.262791,302.1 0.07073599999999999,40.2629,303.2 0.070615,40.262989,303.9 0.070562,40.263027,304.2 0.07034,40.263117,305.1 0.07015299999999999,40.263238,305.9 0.0701,40.263273,306.1 0.069954,40.263301,306.6 0.069935,40.263305,306.6 0.069803,40.263331,307 0.069508,40.263388,307.8 0.069413,40.263407,308.1 0.069159,40.26343,308.8 0.06911299999999999,40.263435,308.9 0.069053,40.26344,309 0.068981,40.263447,309.2 0.068451,40.26346,310.3 0.06822400000000001,40.263499,310.7 0.068074,40.263578,311 0.067659,40.263945,312.2 0.06573900000000001,40.265664,320 0.06514499999999999,40.266408,323.2 0.064135,40.267671,329.1 0.06378300000000001,40.267971,330.7 0.06346400000000001,40.268175,331.9 0.061775,40.269107,338 0.059449,40.270391,348.9 0.05822600000000001,40.271066,355.6 0.057793,40.271268,357.8 0.057364,40.271375,359.6 0.05402499999999999,40.27153,371.5 0.053381,40.271675,373.8 0.052941,40.271774,375.2 0.052684,40.271891,376 0.051707,40.272643,379 0.051542,40.272711,379.5 0.051414,40.272711,379.8 0.05130199999999999,40.272658,380.2 0.05127399999999999,40.272577,380.5 0.051431,40.27167,385.4 0.051403,40.271515,386.5 0.05129,40.271409,387.4 0.050848,40.271245,389.8 0.05057,40.27121,391.1 0.050377,40.271224,391.8999999999999 0.04950599999999999,40.271596,394.6 0.048938,40.271994,395.8 0.048413,40.272561,398.3 0.04830499999999999,40.272631,398.9 0.04815599999999999,40.272633,399.6000000000001 0.045444,40.271917,420.1 0.04518299999999999,40.271888,421.1 0.045053,40.271898,421.5 0.044848,40.271974,422.1 0.044409,40.272241,423.3 0.04418,40.272309,423.6 0.043763,40.272306,424.1999999999999 0.043303,40.272205,425.1 0.041626,40.271436,431.6 0.041414,40.271389,432.1 0.040057,40.271552,434.4999999999999 0.03986,40.271534,434.7 0.039347,40.27127,434.8 0.039149,40.271236,434.8 0.038988,40.271251,434.7 0.038844,40.271304,434.4999999999999 0.038758,40.271389,434.1 0.038428,40.272115,432.6999999999999 0.038448,40.272216,432.6999999999999 0.03852,40.272276,432.6999999999999 0.038729,40.272401,432.8 0.038784,40.272444,432.8999999999999 0.038784,40.272562,433.1 0.038439,40.272967,434.3 0.037948,40.273317,437.1 0.037789,40.273379,438.1999999999999 0.036843,40.273589,444 0.036639,40.273658,445.3 0.036484,40.273767,446.6 0.036313,40.274195,450.4999999999999 0.035722,40.275204,461.3 0.035233,40.275777,466.9 0.035232,40.275904,467.9 0.035332,40.27598,468.6 0.035469,40.27601,469.4 0.035726,40.275977,470.6999999999999 0.036282,40.275718,473.8 0.03642,40.275716,474.5 0.036623,40.27578,475.4999999999999 0.036721,40.275892,476.3 0.036765,40.275987,476.8999999999999 0.036742,40.276079,477.5 0.036312,40.276703,481.9 0.036193,40.276783,482.7 0.035141,40.27708,488.2 0.034581,40.277062,490.8999999999999 0.034141,40.276916,493.2 0.034049,40.276934,493.7 0.033996,40.277004,494.3 0.034017,40.277085,494.8 0.03444,40.277273,497.3 0.034662,40.277411,498.8 0.035003,40.27775,501.7 0.03561,40.278037,505.4999999999999 0.035809,40.278229,507 0.035883,40.278364,507.9 0.035854,40.278452,508.4999999999999 0.035747,40.278494,509 0.035613,40.278473,509.6 0.03535,40.278278,511.3 0.034263,40.277801,517 0.034114,40.277795,517.6 0.034015,40.277879,518.3 0.033998,40.277975,518.9 0.034062,40.278081,519.6 0.035075,40.278593,526.2 0.03545,40.279087,530.7 0.035427,40.279242,531.9 0.035074,40.279613,534.6 0.03503,40.279749,535.3 0.035057,40.27981,535.5 0.035611,40.279968,536.4 0.035985,40.280182,535.9 0.036073,40.280299,535.5 0.036235,40.280438,534.8 0.036396,40.280492,534.3 0.036721,40.280505,533.7 0.036861,40.280538,533.6 0.037195,40.28073,533.8 0.037575,40.280785,535 0.037778,40.280844,536.2 0.037936,40.280957,537.6 0.038035,40.281093,539.3 0.038075,40.281274,541.7 0.038073,40.281584,546.7 0.037999,40.281789,550.7 0.037816,40.282024,555.7 0.03761,40.282212,560 0.037008,40.282492,567.2 0.036586,40.282887,570.9 0.036519,40.282979,571.3 0.036528,40.283107,571.8 0.036841,40.283407,572.2 0.036907,40.283513,572.1 0.036903,40.283647,571.8 0.036792,40.283907,570.8 0.036773,40.284094,569.8 0.036799,40.284149,569.5 0.036894,40.284224,569 0.037379,40.284365,567.2 0.037757,40.284557,566.2 0.037942,40.284565,566 0.038527,40.284444,566.3 0.038818,40.284433,567.2 0.038949,40.284455,567.7 0.039124,40.284536,568.8 0.039184,40.284594,569.3 0.039248,40.284727,570.5 0.039234,40.285341,576.1 0.039289,40.285516,577.8 0.039383,40.285615,578.9 0.039917,40.285898,583.2 0.040183,40.286086,585.2 0.040414,40.286377,587.6 0.040565,40.286774,591.1 0.040591,40.28702,593.7 0.040553,40.287295,596.9 0.040498,40.287426,598.7 0.040432,40.28753,600.2 0.040296,40.287638,602.1 0.040071,40.287729,604.7 0.039913,40.287733,606.3 0.038461,40.287473,622.6 0.03751,40.287138,632.7 0.037253,40.287069,634.8 0.037106,40.287055,635.9 0.036815,40.287074,637.8 0.036376,40.287185,640.2 0.035735,40.287511,641.9 0.035577,40.287543,641.9 0.035123,40.287569,640.9 0.034986,40.287614,640.5 0.03483,40.287739,639.5 0.034738,40.287891,638.6 0.034771,40.288014,637.8 0.034869,40.288107,637 0.035535,40.288429,633.5 0.035816,40.288666,632.6 0.03599,40.288863,632.8 0.035992,40.288941,633.1 0.035928,40.289001,633.4 0.035818,40.289023,633.9 0.035393,40.288961,636.9 0.035143,40.288956,639.3 0.034244,40.289002,649.4 0.033827,40.288929,654 0.033336,40.288982,658.2 0.033174,40.289045,659.4 0.033031,40.289171,660.5 0.032862,40.289534,662.2 0.032862,40.289654,662.5 0.032921,40.289826,663 0.033048,40.290021,663.5 0.033174,40.290127,664 0.033648,40.290301,665.7 0.033759,40.290373,666.3 0.033795,40.29046,666.9 0.03378,40.290564,667.6 0.033421,40.290956,671.6 0.033289,40.290991,672.7 0.033121,40.290985,674.1 0.032957,40.290907,675.8 0.032833,40.290792,677.5 0.032629,40.290444,682 0.032491,40.290309,683.9 0.032042,40.290027,688.3 0.031639,40.289393,694.1 0.031304,40.288188,703 0.031227,40.288077,703.9 0.030988,40.287981,705.4 0.030881,40.28797,706 0.030719,40.287968,706.9 0.03060300000000001,40.28801,707.7 0.030578,40.288084,708.2 0.030744,40.288574,712.3 0.030872,40.288952,715.6 0.03096,40.289606,721.2 0.031015,40.289816,723 0.031373,40.290912,733 0.031396,40.291419,738 0.031284,40.292216,745.8 0.031238,40.292515,747.8 0.031173,40.292657,748.5 0.031083,40.292771,749.1 0.030766,40.293173,750.1 0.03068,40.293332,750.2 0.030509,40.293909,749.5 0.030511,40.294097,749.2 0.030929,40.295161,748.5 0.030993,40.295403,748.6 0.030981,40.295553,748.8 0.030823,40.29587,749.5 0.030695,40.296035,749.9 0.030634,40.296073,750 0.030264,40.296239,750.5 0.030185,40.296296,750.6 0.030135,40.296371,750.8 0.030127,40.296585,751.1 0.030075,40.296673,751.2 0.029971,40.296759,751.3 0.029832,40.296797,751.4 0.02896,40.296796,751.6 0.028698,40.29669,751.1 0.027573,40.296115,750.9 0.027351,40.296059,751.5 0.027212,40.296048,752 0.027119,40.296073,752.3 0.02706,40.296124,752.7 0.026982,40.296473,755.3 0.027036,40.296566,756.1 0.027773,40.297276,765.5 0.029388,40.298851,783.4999999999999 0.029679,40.299134,785.3 0.02968700000000001,40.299218,785.5999999999999 0.029645,40.2993,785.9999999999999 0.029481,40.299431,786.8 0.028664,40.299819,790.1 0.028615,40.299864,790.3 0.028605,40.299965,790.7000000000002 0.02894,40.300535,793.5 0.029327,40.300961,796.3 0.030356,40.302122,800 0.030384,40.302219,800 0.03033,40.302715,799.6 0.030356,40.302928,799.3 0.03043,40.303023,799 0.031163,40.303596,798.2 0.031222,40.303704,798.2999999999998 0.031237,40.303835,798.5 0.030968,40.304646,801 0.030915,40.304745,801.5 0.030796,40.304814,801.8999999999999 0.030367,40.304918,802.9 0.03024,40.305014,803.2 0.03019,40.305142,803.4000000000001 0.030232,40.305256,803.4000000000001 0.030547,40.305506,803.4000000000001 0.030642,40.305632,803.2 0.030714,40.305999,802.0000000000001 0.030776,40.306055,801.5999999999999 0.030815,40.306082,801.4 0.031221,40.306174,799.2000000000002 0.03157,40.306232,796.8999999999999 0.031761,40.306224,795.5999999999999 0.031974,40.306173,794.1 0.032155,40.306079,792.5 0.032382,40.30585,789.7 0.032517,40.305759,788.3999999999999 0.032692,40.305701,787.0999999999999 0.033433,40.305593,784.3 0.033629,40.305582,784.1999999999999 0.033803,40.30561,784.4 0.033921,40.30565,784.4999999999999 0.034046,40.305742,784.8999999999999 0.034119,40.305866,785.3 0.03415,40.305993,785.8999999999999 0.03413,40.306124,786.4 0.034029,40.306268,787.2 0.033747,40.306469,788.7 0.033681,40.306561,789.3 0.033647,40.306675,789.9000000000001 0.033655,40.306784,790.4 0.033889,40.307305,790.8999999999999 0.03392,40.307487,790.4 0.033897,40.307658,789.7999999999998 0.033523,40.309033,783.3 0.033129,40.309528,781.2 0.032929,40.310097,780.0000000000001 0.03283,40.310298,779.8 0.032655,40.310482,779.7 0.032403,40.310634,779.8 0.031645,40.310938,780.2 0.031428,40.310959,779.7 0.03127,40.310936,779.3 0.030787,40.310802,778.1999999999999 0.030658,40.310813,777.9 0.030536,40.310871,777.6 0.030453,40.310954,777.4 0.030427,40.311035,777.2 0.030449,40.311153,776.9 0.030552,40.311389,776.4 0.030551,40.311478,776.2 0.030487,40.311597,775.8 0.030338,40.311721,775.4 0.030275,40.311814,775.1 0.0301,40.312566,777.2 0.030055,40.312755,778 0.030039,40.312822,778.3 0.029978,40.313076,779.3 0.02989199999999999,40.313426,780.6999999999999 0.029797,40.314349,783.1 0.029683,40.314626,783.4999999999999 0.029646,40.314786,783.7999999999998 0.02967,40.315281,784.8999999999999 0.029684,40.315362,785.2 0.030207,40.316192,789.4 0.030228,40.316333,790.4 0.030149,40.316634,792.7 0.03006,40.316695,793.5 0.029315,40.31687,798.6 0.028527,40.317008,803.9 0.026761,40.316987,813.3000000000001 0.026054,40.316711,817.4 0.02479,40.316439,821.9 0.024271,40.316363,821.9 0.024167,40.316428,821.6 0.02417,40.316526,821.3 0.024352,40.316762,820.2999999999998 0.02446,40.31697,819.2 0.02457,40.31702,818.6999999999999 0.024898,40.317019,817.4 0.02518,40.317098,816.1999999999999 0.025403,40.317321,815.0999999999999 0.025624,40.317653,814.2 0.025971,40.317998,814.1000000000001 0.026321,40.318452,815.0999999999999 0.026466,40.31857,815.3999999999999 0.027869,40.319193,818 0.02804,40.319286,818.4 0.028155,40.319397,818.6999999999999 0.028233,40.319558,818.9999999999999 0.028502,40.320354,820.6 0.02865,40.320583,820.9 0.028827,40.320784,821.1999999999999 0.029032,40.320877,821.4999999999999 0.029363,40.320947,822 0.029863,40.320969,822.7999999999998 0.030029,40.321,823.1 0.030176,40.321055,823.5 0.030268,40.321117,823.8 0.030303,40.321305,824.5 0.029784,40.322341,829.9999999999999 0.029731,40.322514,830.9 0.029744,40.322699,831.9 0.029941,40.323211,834.8 0.02994,40.3233,835.2999999999998 0.029896,40.323424,835.9 0.029801,40.323498,836.4000000000001 0.029029,40.323662,838.3 0.028365,40.323884,838.4 0.028092,40.324021,838 0.02778,40.32427,837.0999999999999 0.027528,40.324415,836.2 0.026787,40.324726,833.4 0.026416,40.324945,832 0.026305,40.325029,831.5 0.026273,40.325124,831.2 0.026293,40.32521,830.8 0.027964,40.326604,819.2 0.02887899999999999,40.32705,813.8 0.02964,40.32759,810.0999999999999 0.030438,40.328057,808.5 0.031015,40.328523,807.8999999999999 0.031503,40.328973,808.2 0.031607,40.3291,808.2999999999998 0.031817,40.329921,808.6 0.031879,40.330051,808.5 0.032039,40.330219,808.2 0.032298,40.33039,807.6999999999999 0.032684,40.330473,806.8 0.033953,40.330641,802.2 0.034916,40.330811,798.7 0.035292,40.330939,797.4 0.035923,40.331216,795.1 0.036248,40.331283,794.1 0.037097,40.331581,792.2 0.03725,40.331683,791.9 0.037403,40.33191,791.5 0.037493,40.332125,791.3000000000001 0.037498,40.332329,791.1 0.037449,40.332619,791.0000000000001 0.03734,40.332931,790.8 0.037178,40.333646,789.7 0.037193,40.333881,788.7999999999998 0.037293,40.334049,788.0999999999999 0.037421,40.334139,787.7 0.037634,40.334191,787.2 0.037947,40.334182,786.6 0.038326,40.334089,786.2 0.038735,40.333989,785.8999999999999 0.039149,40.333959,785.4 0.039493,40.333974,785 0.040045,40.334046,784.1999999999999 0.042447,40.334032,773.2 0.042609,40.334058,772.7 0.042789,40.334132,772.3 0.042905,40.334241,772.1 0.04299,40.334376,772 0.043004,40.33449,772 0.042957,40.334619,772 0.042823,40.334737,772.1 0.042667,40.334808,772.1 0.041995,40.334948,771.7 0.041928,40.335031,771.5 0.041915,40.335129,771.2 0.042237,40.335704,766.5999999999999 0.042589,40.336089,760.6 0.042989,40.336663,751.7 0.043206,40.336853,748.6 0.043766,40.33709,743.6 0.044526,40.33735,739.3999999999999 0.046086,40.337798,736.2 0.046699,40.338187,735.7 0.04843000000000001,40.338674,734.4 0.05079600000000001,40.3391,730.6 0.05090900000000001,40.339137,730.5 0.05113,40.339217,730.2 0.051176,40.339311,730 0.051176,40.339511,729.6 0.05114800000000001,40.339605,729.4 0.051008,40.339779,729 0.05003,40.340762,723.8 0.049832,40.34106,721.4999999999999 0.04970000000000001,40.341369,719 0.049524,40.341915,714.2 0.049519,40.342023,713.2 0.04950599999999999,40.342283,710.7 0.049331,40.343095,702.6 0.049295,40.344136,694.2 0.049554,40.344957,690.2 0.049571,40.345219,689.3 0.049546,40.345346,688.9 0.04950599999999999,40.345461,688.7 0.049444,40.345585,688.3 0.04904099999999999,40.346033,687.3 0.048662,40.346314,686.6 0.048169,40.346536,685.6 0.048039,40.346617,685.3 0.047956,40.346716,685 0.04795700000000001,40.346881,684.6 0.04802,40.347029,684.2 0.048174,40.34716,683.6 0.048349,40.347213,683.1 0.04851100000000001,40.347231,682.6 0.049012,40.34722,680.3 0.049178,40.347239,679.3 0.04935,40.34733,678 0.049446,40.347449,676.8 0.04952,40.347635,675 0.049541,40.347898,672.6 0.049524,40.348114,670.6 0.049428,40.348428,668.2 0.049292,40.349066,665 0.04931199999999999,40.34919,664.4 0.049377,40.349277,664 0.049946,40.349505,661.3 0.05002,40.34958,660.6 0.050046,40.349668,659.9 0.050018,40.349792,658.9 0.04993800000000001,40.349874,658 0.04938099999999999,40.350121,652.2 0.04846600000000001,40.350373,640.6 0.048135,40.350487,636.6 0.047268,40.350865,628.4 0.046587,40.351202,625.4 0.046514,40.351271,625.2 0.046482,40.351386,624.9 0.04649300000000001,40.351534,624.5 0.046559,40.35169,624.3 0.046846,40.352086,623.6 0.046891,40.352179,623.4 0.04688,40.35227,623.2 0.046831,40.352341,623.1 0.04650100000000001,40.352522,622.3 0.046213,40.352745,620.8 0.04590299999999999,40.353042,617.9 0.045759,40.353309,615.1 0.045673,40.353362,614.3 0.04550200000000001,40.35337,612.9 0.04529,40.353322,611 0.044638,40.35326,605.5 0.044284,40.353205,602.4 0.043978,40.353207,599.9 0.042426,40.353943,588.5 0.041878,40.354264,585.3 0.041453,40.354642,582.4 0.041312,40.354676,581.7 0.040827,40.354675,579.6 0.040638,40.354715,578.7 0.040344,40.354825,577.2 0.039195,40.355511,570.2 0.038829,40.355784,567.5 0.038611,40.355982,565.6 0.037922,40.356888,557.3 0.037692,40.357291,553.9 0.037638,40.357501,552.4 0.037384,40.357502,551.1 0.037209,40.357502,550.3 0.032319,40.357495,537.4 0.032024,40.357494,537.5 0.029841,40.357491,541.1 0.029487,40.357485,541.1 0.029182,40.357447,540.8 0.028152,40.357197,538.9 0.027169,40.356957,536.7 0.02674,40.356853,535.7 0.026335,40.356777,534.9 0.026023,40.356719,534.3 0.025524,40.356657,533.1 0.025418,40.356658,532.9 0.024741,40.356666,531.4 0.024662,40.356659,531.2 0.02449,40.356623,530.8 0.024465,40.356619,530.8 0.023793,40.356394,529.9 0.023605,40.356331,529.8 0.023434,40.356278,529.8 0.023402,40.356032,529.8 0.023313,40.355906,530 0.023143,40.355665,530.6 0.022418,40.354637,534.9 0.022341,40.354578,535.3 0.022139,40.354493,536.1 0.020524,40.354031,541.2 0.020449,40.354009,541.4 0.020148,40.353901,542 0.020071,40.353912,542.2 0.020004,40.353889,542.3 0.019966,40.353845,542.4 0.019269,40.353668,543.3 0.017355,40.353115,543.3 0.012301,40.351727,536.8 0.009417,40.350961,538.3 0.008951000000000001,40.350834,538.7 0.008121,40.350609,539.3 0.008059999999999999,40.350593,539.4 0.003947,40.349516,541.4 0.002417,40.349109,541.1 -0.002572,40.346753,535.9 -0.003299,40.346279,534.5 -0.003529,40.346122,534.2 -0.0038,40.346073,533.9 -0.003876,40.346113,533.8 -0.00398,40.346121,533.6 -0.00411,40.34606,533.5 -0.004146,40.345946,533.3 -0.004066,40.345846,533.1 -0.004093,40.345719,532.9 -0.004144,40.345478,532.6 -0.004379,40.345147,532.3 -0.005259,40.344104,531.7 -0.005415,40.343917,531.6 -0.005542,40.343764,531.6 -0.006131,40.34306,532 -0.00911,40.339545,537.1 -0.00919,40.339451,537.3 -0.01247,40.33558,541.8 -0.012815,40.33513,540.4 -0.013026,40.334775,538.9 -0.013757,40.332893,531.9 -0.014023,40.332421,531 -0.015209,40.331149,531 -0.01538,40.330836,531.2 -0.016058,40.328931,531.8 -0.016324,40.328479,531.9 -0.016684,40.328097,531.6 -0.021091,40.324725,520.7 -0.023921,40.322553,528 -0.024678,40.321982,532.1 -0.026915,40.320294,545.4 -0.027313,40.319954,546.8 -0.027753,40.319578,547.6 -0.028138,40.319038,547.6 -0.029694,40.316437,542.3 -0.02986,40.316161,541.1 -0.030195,40.315718,539 -0.030253,40.315641,538.6 -0.030666,40.315286,536.4 -0.032009,40.314563,531.4 -0.032379,40.314334,529.9 -0.033336,40.31321,523 -0.033638,40.312994,521 -0.033976,40.312813,519.1 -0.034418,40.312664,516.7 -0.035001,40.312574,513.8 -0.035985,40.312525,509.7 -0.036347,40.312444,508.4999999999999 -0.03672,40.312287,507.3 -0.037473,40.311839,504.5 -0.03759,40.31172,503.8999999999999 -0.037776,40.311531,502.9 -0.037935,40.311145,500.6999999999999 -0.037938,40.310909,499.2 -0.037724,40.310004,491.7 -0.037747,40.309824,490.1999999999999 -0.03785,40.309474,487.1999999999999 -0.038069,40.309193,484.6 -0.039378,40.308101,477.5 -0.039657,40.307869,477.2 -0.040677,40.307025,477.3 -0.040891,40.306848,477.2 -0.041133,40.306521,476.7 -0.041196,40.30638,476.5 -0.041268,40.306221,476.1 -0.041616,40.305103,474.7 -0.041827,40.304718,474.9 -0.042473,40.303982,475.9 -0.044181,40.302037,475.6 -0.04645299999999999,40.29945,470.3 -0.047,40.298806,472.8 -0.047264,40.298398,475.4999999999999 -0.04517800000000001,40.297288,487.8 -0.045007,40.297197,488.8 -0.044385,40.296866,492.6000000000001 -0.044114,40.296665,494.4999999999999 -0.043854,40.296516,496.2 -0.043655,40.296444,497.4 -0.043522,40.296417,498.1000000000001 -0.042761,40.296391,502.6 -0.042602,40.296359,503.6999999999999 -0.042465,40.296301,504.7 -0.042263,40.296151,506.8 -0.042027,40.296032,509 -0.041098,40.295772,517.2 -0.040903,40.29568,519.1 -0.040761,40.295565,520.8 -0.040725,40.29542,522.2 -0.040803,40.295252,523.9 -0.041271,40.294829,528 -0.041476,40.294573,529.7 -0.041538,40.294334,530.8 -0.041524,40.294064,531.9 -0.04148,40.293969,532.3 -0.041409,40.293833,533 -0.041294,40.293715,533.7 -0.04099,40.293545,535.3 -0.040646,40.293353,537.6 -0.040051,40.293328,541.6 -0.039773,40.293253,543.9 -0.039586,40.293136,546 -0.039462,40.293147,547 -0.039398,40.293206,547.9 -0.039389,40.293302,549 -0.039485,40.29356,552.1 -0.039468,40.293902,556 -0.03943,40.294023,557.4 -0.039336,40.294098,558.5 -0.037292,40.294665,574.7 -0.037049,40.294712,576.6 -0.036729,40.294715,579.3 -0.03649,40.294659,581.4 -0.03632,40.294531,583.4 -0.03623,40.294375,585.2 -0.03619,40.294134,587.6 -0.036224,40.293898,589.9 -0.036371,40.293703,592.1 -0.036498,40.29344,594.6 -0.036945,40.292144,603.7 -0.036979,40.291698,607.3 -0.036943,40.291477,609.4 -0.036704,40.29083,616.5 -0.03668,40.290674,618.2 -0.036687,40.290515,619.9 -0.0369,40.290019,625 -0.036872,40.289902,626 -0.036725,40.289745,627.5 -0.036672,40.289688,627.9 -0.036283,40.289273,630.9 -0.035938,40.289034,632.5 -0.035347,40.288454,635 -0.035136,40.288042,635.4 -0.034807,40.28768,634.5 -0.034778,40.287586,634.3 -0.034805,40.287524,634.1 -0.034905,40.287481,633.8 -0.035484,40.287383,632.7 -0.035729,40.287308,632.4 -0.03587,40.287208,632.3 -0.035963,40.287061,632.2 -0.035983,40.286918,632.2 -0.035934,40.28679,632.1 -0.03536,40.286242,632.5 -0.035343,40.286148,632.6 -0.035372,40.286078,632.7 -0.035467,40.286016,632.8 -0.035889,40.28589,633.1 -0.03607,40.285777,633.3 -0.036166,40.285615,633.4 -0.036117,40.28522,633.6 -0.036012,40.285067,634 -0.034769,40.284279,644.9 -0.034362,40.284062,650.2 -0.033628,40.283891,658.5 -0.033351,40.283793,661.8 -0.032988,40.283518,667.4 -0.03264,40.283044,675.4 -0.032448,40.282876,678.8 -0.031994,40.282767,684.2 -0.031612,40.28259,689.1 -0.03151,40.282526,690.5 -0.031384,40.282311,693.7 -0.031382,40.282117,696.2 -0.031589,40.281805,700.3 -0.031612,40.281442,703.8 -0.031712,40.28128,705.3 -0.032945,40.280161,713.6 -0.033165,40.279936,713.8 -0.033368,40.27964,713.9 -0.0335,40.279446,713.8 -0.033525,40.279289,713.8 -0.033468,40.279198,713.9 -0.033241,40.279026,714.1 -0.033002,40.278913,714.4 -0.032704,40.278873,714.9 -0.032063,40.278865,718.4 -0.031313,40.27872,726 -0.030417,40.278832,738.2 -0.029923,40.27875,745.6 -0.02911,40.278744,756.2 -0.028638,40.278699,761 -0.02853899999999999,40.278682,761.9 -0.028471,40.278634,762.6 -0.028493,40.278556,763.4 -0.02854,40.278527,763.8 -0.029018,40.278389,766.4 -0.030122,40.277892,768.7 -0.030613,40.277515,770.2 -0.030731,40.27745,770.7 -0.032312,40.276776,779.1 -0.032469,40.276709,780.0000000000001 -0.032645,40.276616,780.9 -0.032843,40.276436,781.9 -0.032889,40.27632,782.2 -0.032896,40.276156,782.5 -0.032848,40.276025,782.6 -0.03276,40.275899,782.5 -0.032606,40.275807,782.3 -0.032416,40.275757,781.9 -0.03145,40.2757,777.5 -0.026638,40.275413,748.4 -0.025988,40.275334,745.2 -0.024551,40.275046,738.6 -0.024276,40.275013,737.4 -0.022841,40.275153,731.3 -0.022364,40.275262,729.4 -0.021606,40.275635,727.3 -0.021561,40.275658,727.1 -0.02146,40.275712,726.9 -0.021357,40.275735,726.7 -0.021207,40.275728,726.4 -0.021052,40.275678,726.1 -0.02089,40.27553,725.6 -0.020704,40.274663,723.1 -0.02061,40.274407,721.4 -0.020106,40.27395,717.4 -0.019876,40.273742,715.7 -0.019134,40.273363,712.5 -0.018663,40.273164,711.1 -0.018015,40.273049,710.8 -0.017483,40.272955,711 -0.016508,40.272635,711.5 -0.014936,40.272102,714.5 -0.01465,40.272072,715.1 -0.014094,40.272105,716.2 -0.013874,40.272118,716.6 -0.01356,40.272199,717.1 -0.012531,40.272726,719.4 -0.012343,40.2728,719.9 -0.012133,40.272791,720.5 -0.01195,40.272707,721.2 -0.011831,40.272539,722 -0.011801,40.272325,723 -0.011874,40.272141,723.9 -0.012414,40.271675,727.4 -0.013178,40.271014,733.1 -0.014195,40.270359,740 -0.014405,40.27025,741.4 -0.015539,40.270019,747.6 -0.016598,40.269782,752 -0.017589,40.269569,753.1 -0.017981,40.269533,752.6 -0.018048,40.269516,752.4 -0.018478,40.269575,751 -0.018774,40.269663,749.8 -0.01895,40.269697,749.1 -0.019039,40.269692,748.6999999999999 -0.019088,40.269588,748.2 -0.019139,40.269472,747.7 -0.019146,40.269455,747.6 -0.019216,40.269169,746.2 -0.019232,40.269105,745.7 -0.019282,40.268678,743.1999999999999 -0.019332,40.268497,741.9 -0.019429,40.268329,740.4 -0.019745,40.268048,737.1 -0.019822,40.267872,735.5 -0.019924,40.267635,733.4 -0.019975,40.267393,731.4 -0.019971,40.267144,729.6 -0.019891,40.26696,728.5 -0.019731,40.266829,727.9 -0.019576,40.266783,727.5 -0.019091,40.266768,726.7 -0.018893,40.266727,726.7 -0.018738,40.266653,726.8 -0.018339,40.266382,727.5 -0.018034,40.266168,728 -0.017822,40.266083,728.1 -0.017653,40.266073,728 -0.017316,40.266132,727.6 -0.017073,40.266112,727 -0.016868,40.266026,726.2 -0.016725,40.265864,725.3 -0.016539,40.265552,723.7 -0.016497,40.265415,723 -0.016505,40.265111,721.4999999999999 -0.016464,40.264983,720.9 -0.016309,40.264766,719.8 -0.016029,40.264626,718.9 -0.015677,40.264582,718.3 -0.014592,40.264711,717.6 -0.014345,40.264678,717.3 -0.014203,40.264594,717.1 -0.014008,40.264418,716.4 -0.013637,40.263996,714.7 -0.013196,40.263597,712.4 -0.012849,40.263338,711 -0.012124,40.262855,709.2 -0.011891,40.262738,708.8 -0.011268,40.262533,707.3 -0.011112,40.262389,706.5 -0.011046,40.262276,705.9 -0.011033,40.26212,705.1 -0.011089,40.261975,704.2 -0.011303,40.261686,701.9 -0.011336,40.261531,700.7 -0.011256,40.261326,698.9 -0.011188,40.261236,698 -0.009736,40.260095,683.6 -0.009521,40.260024,682.3 -0.009344999999999999,40.260017,681.3 -0.009010000000000001,40.26009,679.4 -0.008782999999999999,40.260116,678.2 -0.008546,40.260066,677 -0.008385,40.25996,676 -0.008293,40.259853,675.2 -0.008167000000000001,40.259543,673.5 -0.008036,40.259412,672.7 -0.007321,40.258949,670.5 -0.007115999999999999,40.258856,670.3 -0.006727,40.258854,670.1 -0.006571,40.25882,670.1 -0.006428999999999999,40.258725,670.1 -0.006361,40.258603,670.1 -0.006361,40.258503,670.1 -0.006424,40.258368,670.2 -0.006818,40.257969,670.1 -0.006993,40.257855,669.8 -0.007179,40.257823,669.5 -0.007323,40.257842,669.1 -0.007867000000000001,40.258079,666.8 -0.008129000000000001,40.258167,665.4 -0.00834,40.258201,664.2 -0.008644000000000001,40.25819,662 -0.009696,40.258018,653.9 -0.009959000000000001,40.257914,651.7 -0.010103,40.257826,650.4 -0.010263,40.257644,648.6 -0.010396,40.257384,646.7 -0.01044,40.257176,645.4 -0.0104,40.256983,644.4 -0.010286,40.256788,643.8 -0.009997000000000001,40.256435,642.4 -0.009904,40.256229,641.5 -0.009904,40.256019,640.5 -0.010197,40.255457,637 -0.010283,40.255203,635 -0.010289,40.255046,633.7 -0.009998,40.253944,624.9 -0.009792,40.253502,622.2 -0.009398999999999999,40.252953,619.1 -0.009329,40.252818,618.4 -0.009353,40.252558,617.2 -0.009683000000000001,40.252105,614.6 -0.009786,40.251908,613.6 -0.009794000000000001,40.251772,612.8 -0.009731999999999999,40.251596,611.8 -0.009532000000000001,40.2513,609.9 -0.009362000000000001,40.251135,608.6 -0.008918000000000001,40.250807,605.7 -0.008751,40.250649,604.4 -0.008709,40.250504,603.4 -0.008718999999999999,40.250343,602.4 -0.008817,40.250184,601.2 -0.009899,40.249163,591.4 -0.010624,40.24858,587.4 -0.011557,40.248232,586 -0.011862,40.248083,585.8 -0.011991,40.24796,585.7 -0.012069,40.247822,585.6 -0.012077,40.247691,585.4 -0.012007,40.247458,584.9 -0.011767,40.247048,583.6 -0.011585,40.246738,582.3 -0.011562,40.246491,581.1 -0.011593,40.246358,580.4 -0.01184,40.245664,576.1 -0.011896,40.245408,574.2 -0.01187,40.245209,572.7 -0.01178,40.245041,571.3 -0.010517,40.243931,554.3 -0.010453,40.243813,552.8 -0.010438,40.243679,551.2 -0.010496,40.243514,549.4 -0.010626,40.243398,547.8 -0.011413,40.242899,541.9 -0.012245,40.242033,537.4 -0.012344,40.241889,536.5 -0.01236,40.241713,535.4 -0.012311,40.241556,534.3 -0.01215,40.241303,532.1 -0.012124,40.241158,530.9 -0.012164,40.241003,529.4 -0.012248,40.240877,528.1 -0.012451,40.240727,526 -0.013672,40.240164,518 -0.013864,40.240022,517 -0.014017,40.23986,516.1 -0.014173,40.239512,514.6 -0.014183,40.239372,514.1 -0.014103,40.239159,513.3 -0.013972,40.238962,512.6 -0.013826,40.238861,512.1 -0.01332,40.238645,510.4 -0.012864,40.238503,508.8 -0.012607,40.23845,507.9 -0.01148,40.238382,503.6999999999999 -0.011255,40.238343,502.8 -0.011094,40.238236,501.8 -0.010928,40.238026,500.3 -0.010827,40.237797,498.8 -0.010799,40.237534,496.9999999999999 -0.010751,40.236781,491.9999999999999 -0.010709,40.23659,491.1 -0.010555,40.236359,489.9 -0.010279,40.236151,488.7 -0.010177,40.236101,488.4 -0.007955,40.235031,484.4 -0.004869,40.233555,468.5 -0.004757,40.233501,467.9 -0.002734,40.232533,459.9 -0.001608,40.231996,457.1000000000001 -0.001348,40.2319,456.4 0.001135,40.231511,446.3 0.001388,40.231448,445.2 0.001598,40.231317,444.1 0.003193,40.229934,434.3 0.00352,40.229641,432 0.004132,40.228735,425.5 0.004303,40.228574,424.3 0.005156,40.228029,420.8 0.005342,40.22797,420.4 0.005414,40.227962,420.2 0.005512,40.227997,420.1 0.005594,40.228061,419.9 0.005628,40.228163,419.7 0.005613999999999999,40.22885,418.6 0.005574000000000001,40.229032,418.3 0.005361,40.229619,416.3999999999999 0.005354,40.229701,416.1 0.005398,40.229794,415.6999999999999 0.005502,40.229875,415.2 0.005613999999999999,40.229912,414.7 0.005735,40.229911,414.3 0.005848000000000001,40.229869,413.8 0.00632,40.229608,411.5 0.006458,40.229504,410.6999999999999 0.006968,40.228866,406.4 0.007114000000000001,40.228809,405.7 0.007939999999999999,40.228661,401.4999999999999 0.009244,40.228267,393.6999999999999 0.009423000000000001,40.22816,392.5 0.009559,40.227951,391 0.009583,40.227896,390.7 0.009567000000000001,40.227755,389.9 0.009508000000000001,40.22765,389.2 0.009088000000000001,40.227224,386.3 0.00906,40.227099,385.7 0.009103,40.226974,385 0.009316,40.22667,383.5 0.009558000000000001,40.226317,381.6 0.009728000000000001,40.225707,378 0.009839000000000001,40.225622,377.2 0.010056,40.225568,376 0.010337,40.225532,374.6 0.010485,40.225482,373.8 0.010639,40.225376,372.8 0.010828,40.225165,371 0.011026,40.224866,368.7 0.011201,40.224387,365.2 0.01128,40.224171,363.8 0.011408,40.223993,362.6 0.012074,40.22343,358.5 0.01381,40.221503,347.9 0.014177,40.221067,345.5 0.014663,40.220184,341 0.014817,40.219996,340 0.016721,40.218315,330.1 0.017813,40.217263,325.7 0.0188,40.21627,322.8 0.019173,40.215894,321.9 0.021633,40.213622,316.2 0.02165,40.213605,316.2 0.022,40.213182,315.2 0.022581,40.212498,313.5 0.023056,40.21194,312.2 0.023166,40.211809,312 0.023278,40.21169,311.8 0.02334,40.211625,311.7 0.023593,40.211477,311.4 0.024336,40.211008,310.4 0.02441,40.210962,310.4 0.024614,40.210833,310 0.024876,40.210668,309.6 0.025111,40.210551,309.2 0.025368,40.210422,308.8 0.025646,40.210284,308.5 0.02595,40.210119,308.2 0.025878,40.210007,308.2 0.025827,40.209945,308.1 0.025725,40.209818,308.1 0.025662,40.209719,308.2 0.02538,40.209772,308.4 0.024833,40.209874,309.3 0.024326,40.209495,310.8 0.024154,40.209342,311.4 0.023896,40.209261,311.9 0.022927,40.209192,313.9 0.020506,40.208996,317.7 0.020031,40.208939,318.5 0.019148,40.208779,320.2 0.017174,40.208386,324.4 0.016106,40.208118,326.6 0.014653,40.20765,329.4 0.012164,40.206796,334.7 0.010026,40.206063,338.5 0.009809999999999999,40.205945,338.9 0.009505,40.205631,339.5 0.009488,40.205609,339.6 0.009361,40.205452,339.9 0.009146,40.205187,340.3 0.008846,40.204879,340.8 0.008581999999999999,40.20469,341.3 0.005576999999999999,40.202879,346.2 0.005264,40.202741,346.8 0.004886,40.202661,347.6 0.004482,40.202657,348.3 0.004057,40.202704,349.3 0.00109,40.203153,356.2 0.000604,40.203174,357.2 0.000225,40.203136,357.9 -0.000227,40.203026,358.7 -0.002296,40.202367,361.3 -0.00369,40.201924,362.1 -0.008083999999999999,40.200527,361.5 -0.008376,40.200436,361.7 -0.009878,40.199956,361.1 -0.010274,40.199801,360.1 -0.010879,40.199443,357.7 -0.0111,40.199267,356.4 -0.014977,40.19479,331.2 -0.017073,40.192529,322.7 -0.018567,40.191001,318.7 -0.018784,40.190779,318.3 -0.019466,40.190105,317 -0.020398,40.189181,315.1 -0.020963,40.188622,314 -0.021347,40.188242,313.4 -0.021805,40.18781,312.7 -0.022031,40.187631,312.4 -0.022448,40.187364,311.9 -0.022749,40.187201,311.6 -0.023378,40.186941,311 -0.024698,40.186378,310.1 -0.025408,40.186023,309.7 -0.026364,40.185462,308.6 -0.028366,40.184113,305.8 -0.028642,40.183957,305.6 -0.031219,40.182667,304.3 -0.031736,40.182353,304.5 -0.033179,40.181241,306.4 -0.033317,40.18118,306.5 -0.033468,40.181157,306.5 -0.033591,40.181179,306.5 -0.033687,40.181168,306.5 -0.033807,40.181106,306.4 -0.033875,40.180992,306.2 -0.033849,40.180868,306 -0.033744,40.180779,305.8 -0.033645,40.18075,305.7 -0.033559,40.180748,305.5 -0.033359,40.180685,305.1 -0.033125,40.180478,304.2 -0.032971,40.180282,303.3 -0.032781,40.179898,301.5 -0.032772,40.179595,300.3 -0.032825,40.179294,299.3 -0.033533,40.176397,292.9 -0.033575,40.176022,291.9 -0.033553,40.175815,291.3 -0.033495,40.17554,290.3 -0.033286,40.175104,288.4 -0.032739,40.174296,284.5 -0.032492,40.173959,283.1 -0.032291,40.173758,282.3 -0.031902,40.17337,281.1 -0.031773,40.173282,280.8 -0.030859,40.172381,279.2 -0.030806,40.172328,279.1 -0.030039,40.171571,278.2 -0.029295,40.170838,277.9 -0.027835,40.169397,278.6 -0.027668,40.169148,278.8 -0.027645,40.169031,279 -0.027681,40.168937,279.1 -0.027649,40.168796,279.3 -0.027551,40.168702,279.4 -0.027428,40.168655,279.6 -0.027284,40.168649,279.7 -0.02715,40.168687,279.9 -0.027047,40.168766,280.1 -0.026997,40.16886,280.3 -0.026991,40.16892,280.4 -0.026866,40.169024,280.6 -0.026712,40.169101,280.9 -0.025632,40.169067,282.3 -0.02531,40.169033,282.5 -0.024933,40.168975,282.9 -0.024778,40.168895,283.1 -0.024698,40.168828,283.2 -0.024662,40.168719,283.3 -0.024562,40.168637,283.5 -0.024383,40.1686,283.6 -0.024238,40.168636,283.8 -0.024135,40.168721,283.9 -0.024104,40.168869,284.1 -0.024125,40.168921,284.1 -0.024078,40.169042,284.2 -0.02396,40.169172,284.4 -0.023801,40.169229,284.5 -0.017813,40.171358,289.8 -0.016575,40.171717,291 -0.015246,40.172091,292 -0.014887,40.172192,292.1 -0.01452,40.172343,292.2 -0.014031,40.172618,292.1 -0.012913,40.17332,291.5 -0.012509,40.173452,291.2 -0.012376,40.173452,291.1 -0.011982,40.173344,290.8 -0.010725,40.172614,289.7 -0.010551,40.172513,289.5 -0.010481,40.172476,289.4 -0.010154,40.172298,288.8 -0.009764,40.172129,288.1 -0.009422,40.172016,287.4 -0.006052,40.171299,278.6 -0.005578,40.171192,277.5 -0.005251,40.17116,276.7 -0.004809,40.171154,275.8 -0.003811,40.171164,274.8 -0.003472,40.171139,274.9 -0.003095,40.17107,275.1 -0.002727,40.170969,275.7 -0.002307,40.170797,276.6 -0.00104,40.170202,280.3 -0.000531,40.169951,281.2 0.00013,40.169574,281.7 0.001019,40.169047,281 0.002084,40.168483,279.9 0.00369,40.167736,279.2 0.004646,40.167401,278.4 0.006644,40.166752,276.3 0.009349,40.166013,273.3 0.010233,40.165847,272.5 0.010765,40.165781,272.2 0.011308,40.165759,272 0.011877,40.165763,271.9 0.012709,40.165823,271.6 0.013128,40.165809,271.5 0.014353,40.165665,270.5 0.014474,40.165619,270.4 0.014545,40.165557,270.3 0.014568,40.165448,270.2 0.014637,40.165383,270.1 0.01473,40.165354,270 0.014733,40.165352,270 0.014872,40.16535,269.9 0.014982,40.16538,269.8 0.015347,40.165359,269.5 0.015639,40.165256,269.3 0.019864,40.163757,265 0.020901,40.163389,263.6 0.024963,40.161948,258.6 0.026259,40.161488,257.5 0.026431,40.161427,257.4 0.026478,40.16141,257.4 0.030137,40.160112,257.3 0.033793,40.158815,258 0.034805,40.158456,258.4 0.036619,40.157809,259.2 0.037117,40.157631,259.5 0.039137,40.156911,261.6 0.039216,40.156883,261.7 0.039519,40.156775,262.2 0.040096,40.15657,263 0.040531,40.156414,263.5 0.040667,40.156321,263.6 0.040697,40.156281,263.7 0.04068,40.156176,263.8 0.040432,40.155716,264.2 0.040148,40.15519,264.2 0.039941,40.154807,264.4 0.039733,40.154422,265 0.040245,40.154399,265.7 0.040608,40.154393,266.3 0.040712,40.154371,266.5 0.040757,40.15435,266.6 0.040822,40.154381,266.8 0.040801,40.154432,267 0.04092,40.15449,267.4 0.041849,40.154902,270.8 0.042186,40.154982,271.9 0.042887,40.15515,274.6 0.043199,40.155211,275.8 0.043427,40.155217,276.6 0.043694,40.155223,277.4 0.044121,40.155211,278.3 0.044271,40.155297,278.6 0.04433399999999999,40.155282,278.7 0.04456700000000001,40.155201,279.1 0.044747,40.1552,279.3 0.044933,40.155099,279.6 0.045338,40.154847,280.1 0.045496,40.154779,280.3 0.04582,40.154804,280.7 0.045944,40.154777,280.8 0.046151,40.154695,281 0.04637100000000001,40.154683,281.2 0.04703800000000001,40.15474,282.4 0.047352,40.15463,283.1 0.047539,40.154522,283.6 0.047573,40.154497,283.7 0.047621,40.154491,283.8 0.047671,40.154513,283.9 0.047864,40.154497,284.4 0.04835799999999999,40.154356,285.5 0.048794,40.15415,286.7 0.04947799999999999,40.153813,289.6 0.049655,40.153753,290.4 0.051329,40.153511,299.6 0.05169499999999999,40.153526,301.7 0.051846,40.153501,302.5 0.051942,40.153409,303.3 0.051952,40.152704,307.8 0.052021,40.152564,308.6 0.05217,40.152462,309.4 0.052307,40.152426,309.9 0.052403,40.152456,310.2 0.052482,40.152547,310.7 0.052573,40.152747,311.7 0.052832,40.153321,314.4 0.053132,40.153984,317.2 0.05327199999999999,40.154133,317.9 0.053465,40.154195,318.4 0.054943,40.154544,322.1 0.05523399999999999,40.154598,322.5 0.055519,40.154616,322.7 0.056437,40.154429,323.3 0.056857,40.154492,323.3 0.057828,40.1547,324 0.05818500000000001,40.154832,324.7 0.060735,40.156206,335.5 0.060921,40.156255,336.2 0.0626,40.15623,341.6 0.062796,40.15625,342 0.062999,40.156343,342.6 0.064861,40.157682,344.9 0.065494,40.158137,345 0.065737,40.158274,345 0.06600200000000001,40.158364,345 0.06807299999999999,40.158884,345.3 0.070226,40.159418,348.7 0.071133,40.159641,351.4 0.07196900000000001,40.15978,354.4 0.073019,40.16001,357.9999999999999 0.075305,40.160544,362.6 0.07534299999999999,40.160553,362.6 0.07580199999999999,40.160553,362.6 0.076346,40.160554,362.2 0.07656399999999999,40.160497,361.8 0.077302,40.160155,359.2 0.077527,40.160099,358.2 0.07784199999999999,40.160088,356.8 0.078081,40.160029,355.6 0.07868799999999999,40.159713,351.5 0.078934,40.159622,349.8 0.079971,40.159433,343.2 0.080244,40.15941,341.6 0.08085000000000001,40.15942,338 0.081065,40.159391,336.8 0.081932,40.159125,331.2 0.082815,40.158952,325.7 0.083,40.158893,324.5 0.083125,40.158791,323.5 0.083464,40.158248,319.8 0.083458,40.158045,318.7 0.08327900000000001,40.157533,316 0.083233,40.157328,314.8 0.083247,40.157149,313.8 0.083274,40.156942,312.6 0.083374,40.156575,310.6 0.083483,40.156412,309.5 0.08357199999999999,40.15638,309 0.08368,40.156374,308.5 0.083768,40.156402,308 0.083968,40.156621,306 0.084041,40.156712,305.3 0.084177,40.156818,304.2 0.085975,40.157526,294.5 0.086479,40.157771,291.8 0.086775,40.157972,290.1 0.08698500000000001,40.158012,289.1 0.08814199999999998,40.158032,284.1 0.088334,40.157974,283.1 0.088463,40.157853,282.3 0.088842,40.157328,279.2 0.08965700000000001,40.156199,274.3 0.08974200000000002,40.156042,273.8 0.08993299999999999,40.15463,271.4 0.09,40.15442,271.1 0.09013599999999999,40.154215,270.9 0.090861,40.153245,269.1 0.091659,40.152154,266.2 0.091738,40.152047,265.9 0.091767,40.151926,265.6 0.091722,40.151792,265.3 0.09131599999999999,40.151117,263.7 0.09114700000000001,40.150992,263.4 0.088898,40.149943,257.3 0.08837,40.149605,255.2 0.08831899999999999,40.149498,254.6 0.08831899999999999,40.149439,254.3 0.08839500000000002,40.149342,253.6 0.08891499999999998,40.14896,249.5 0.08901100000000001,40.148806,247.8 0.088991,40.148685,246.7 0.08890099999999999,40.148474,244.8 0.088579,40.148112,241.5 0.08850899999999999,40.147971,240.5 0.08851700000000001,40.14783,239.6 0.088773,40.14747,237.1 0.088882,40.147219,235.8 0.088877,40.147102,235.3 0.08879299999999998,40.146815,234.1 0.08889699999999999,40.146626,233.4 0.08888099999999999,40.14652,232.9 0.08871100000000001,40.14633,231.6 0.08870699999999999,40.14599,229 0.08842399999999999,40.145338,221.7 0.08844399999999999,40.145201,220 0.08857000000000001,40.145115,218.2 0.088834,40.145025,215.1 0.08890999999999999,40.144978,214 0.088932,40.144921,213.1 0.088715,40.144669,208.8 0.088686,40.14457,207.3 0.08870299999999999,40.144275,203.3 0.088741,40.1442,202.3 0.088819,40.144144,201.2 0.08917700000000001,40.143985,197.4 0.08935099999999999,40.143947,196 0.09024399999999999,40.143873,192.3 0.09041899999999999,40.143897,192.3 0.090837,40.144035,193 0.09139600000000001,40.144289,194.4 0.09163900000000001,40.144354,194.6 0.092002,40.144535,194.4 0.092137,40.144524,194.2 0.09225700000000001,40.144464,193.9 0.092825,40.143841,187.7 0.09292300000000001,40.143719,185.9 0.09332699999999999,40.143141,177.9 0.09354099999999999,40.142903,175.4 0.09366299999999998,40.142803,174.5 0.093816,40.142745,173.5 0.09414400000000001,40.142706,172 0.094592,40.142712,170.6 0.094791,40.142683,170.2 0.09507700000000001,40.142584,169.6 0.095249,40.14256,169.4 0.095862,40.142516,168.1 0.09693599999999999,40.142493,162.7 0.097081,40.142449,161.6 0.09721,40.142345,160.4 0.097424,40.142067,157.6 0.09751599999999999,40.142003,156.8 0.097634,40.141984,156 0.09775800000000001,40.142018,155.1 0.098124,40.142188,152.2 0.09826600000000002,40.142216,151.2 0.098409,40.142189,150.3 0.09859800000000002,40.142119,149.1 0.09883599999999998,40.142092,147.7 0.09991899999999999,40.142033,141.8 0.100045,40.141998,141.1 0.100143,40.1419,140.2 0.100246,40.141713,139 0.100306,40.141658,138.7 0.100737,40.141536,137.3 0.10092,40.141522,137 0.101221,40.141561,136.7 0.101394,40.141631,136.7 0.101685,40.141893,137 0.101782,40.142028,137.3 0.101928,40.142357,138.2 0.102044,40.142437,138.6 0.102282,40.142511,139.2 0.102617,40.142532,139.9 0.102781,40.142609,140.3 0.103153,40.142851,141.2 0.10323,40.142989,141.4 0.103189,40.143231,141.7 0.103266,40.143362,141.9 0.103448,40.143434,142.2 0.103646,40.143474,142.4 0.103784,40.143468,142.6 0.104086,40.143313,143.1 0.104308,40.143273,143.2 0.105279,40.143225,142.7 0.106235,40.143444,140.7 0.107854,40.143749,134.1 0.108462,40.144011,130.1 0.109035,40.144118,125.9 0.109373,40.144141,123 0.109862,40.144059,118.5 0.110794,40.143545,108.3 0.111039,40.143301,105.1 0.111172,40.143126,103.2 0.111608,40.142241,96.2 0.111721,40.142123,95.40000000000001 0.112404,40.141747,92.40000000000001 0.11267,40.141611,91.2 0.113247,40.141379,88.59999999999999 0.113444,40.141349,87.8 0.113706,40.141375,86.8 0.114244,40.141471,84.90000000000001 0.114367,40.141446,84.40000000000001 0.114714,40.141259,82.90000000000001 0.115636,40.140588,77.90000000000001 0.115849,40.140479,76.8 0.117198,40.140116,68.90000000000001 0.117731,40.139887,65 0.118777,40.139431,58.4 0.11907,40.139357,57.1 0.122902,40.138572,46.6 0.123452,40.138412,45.3 0.123847,40.138301,44.5 0.125417,40.137861,41.7 0.126424,40.137637,40 0.127531,40.137392,38.1 0.132887,40.136779,30.5 0.133037,40.136791,30.3 0.133206,40.136867,30 0.136352,40.138675,25 0.136405,40.138705,24.9 0.137708,40.139454,23.1 0.137819,40.139479,23 0.138048,40.139496,22.7 0.14021,40.139322,20.2 0.140483,40.1393,19.9 0.141138,40.139226,19.3 0.141989,40.139089,18.5 0.142879,40.138935,17.5 0.143533,40.138831,16.6 0.144027,40.138825,15.9 0.145279,40.139012,14.2 0.145789,40.139028,13.6 0.148738,40.138969,10.4 0.150219,40.138938,9.1 0.150532,40.138931,8.9 0.150799,40.138925,8.699999999999999 0.151256,40.138921,8.5 0.151434,40.13892,8.5 0.15112,40.13828,8.4 0.151038,40.138106,8.4 0.150921,40.137862,8.4 0.15057,40.137161,8.800000000000001 0.14973,40.135485,10.1 0.149349,40.134707,10.8 0.149203,40.134421,11.1 0.148877,40.133778,11.6 0.148804,40.133636,11.7 0.148624,40.133273,11.9 0.148485,40.13299,12 0.147561,40.131095,13.2 0.147165,40.130269,13.5 0.145584,40.126959,14.3 0.143848,40.123135,15.1 0.142236,40.119429,14.3 0.142133,40.119188,14.4 0.141848,40.11852,14.4 0.141102,40.116743,13.2 0.14072,40.115833,12.3 0.140672,40.115707,12.3 0.140462,40.115202,12.1 0.14033,40.114877,12.1 0.139873,40.113748,12.3 0.138524,40.110419,10.5 0.137488,40.107834,9.6 0.137012,40.106648,9 0.136453,40.105443,8.1 0.136157,40.104684,7.3 0.136034,40.10436,6.999999999999999 0.135909,40.104032,6.599999999999999 0.135593,40.103147,5.7 0.135233,40.101834,4.8 0.134531,40.099531,4.5 0.134399,40.099088,4.6 0.134105,40.098472,4.8 0.133394,40.097263,5.9 0.133367,40.097173,6 0.132538,40.095836,8.4 0.13236,40.095555,9.1 0.132217,40.095327,9.699999999999999 0.131569,40.094295,12.7 0.130888,40.093334,15.8 0.130386,40.092747,17.7 0.129544,40.091946,20.3 0.129187,40.091668,21.1 0.128416,40.091087,22.8 0.127681,40.090564,24.4 0.127604,40.090506,24.5 0.127145,40.090187,25.7 0.126861,40.089969,26.4 0.125007,40.088214,32.9 0.123063,40.086348,43.7 0.122326,40.08564,47.2 0.121919,40.08525,48.89999999999999 0.120113,40.083537,56.99999999999999 0.11791,40.081467,70.09999999999999 0.117255,40.080883,72.5 0.113806,40.077752,89 0.112796,40.076825,93.40000000000001 0.112056,40.076145,96 0.111833,40.075924,97 0.11141,40.075505,99.3 0.111085,40.075085,102 0.110743,40.074523,105.9 0.110616,40.074317,107.5 0.110497,40.074124,108.9 0.110024,40.073369,113.5 0.109634,40.072838,115.7 0.109648,40.072726,115.9 0.109299,40.072179,116 0.108993,40.07168,114.5 0.1088,40.071198,112.4 0.108765,40.07102,111.5 0.108802,40.070715,109.9 0.108916,40.069907,105.5 0.108884,40.069738,104.5 0.108813,40.06957,103.6 0.108713,40.069432,102.6 0.108556,40.069288,101.4 0.10836,40.06917,100 0.10813,40.06908,98.3 0.107497,40.068907,93.2 0.107006,40.068728,89.40000000000001 0.106435,40.068405,85.59999999999999 0.105665,40.067923,81.5 0.105166,40.067635,78.59999999999999 0.104849,40.06753,76.3 0.10395,40.067333,68.3 0.103606,40.067234,64.8 0.103421,40.067154,63 0.103186,40.066992,60.6 0.102722,40.066749,56.8 0.102391,40.066574,54.6 0.102353,40.066554,54.39999999999999 0.102083,40.066444,53 0.101842,40.066282,51.50000000000001 0.100892,40.06554,44.5 0.100377,40.065113,40 0.100305,40.065055,39.4 0.09969499999999999,40.064569,35.1 0.099465,40.064318,33.3 0.09929099999999999,40.064056,31.6 0.09883,40.063151,26.4 0.098679,40.062854,24.8 0.09854200000000002,40.062646,23.6 0.0984,40.062474,22.6 0.098258,40.062448,21.9 0.09818200000000001,40.06237,21.4 0.098174,40.062292,21 0.098218,40.06222,20.6 0.098229,40.062095,20 0.09817199999999998,40.061964,19.3 0.098036,40.061655,17.9 0.097501,40.060625,14.3 0.097416,40.060215,13.9 0.09737000000000001,40.059701,13.5 0.097175,40.059267,13 0.09704400000000001,40.059103,12.8 0.09660699999999998,40.058695,12.3 0.09644300000000001,40.058604,12.2 0.09626700000000001,40.058542,12.1 0.095735,40.058485,12 0.09492100000000001,40.058457,12.7 0.094747,40.058451,13 0.094587,40.058447,13.3 0.094003,40.058429,14.8 0.09365999999999999,40.058405,15.7 0.09333,40.058341,16.8 0.09313000000000002,40.058246,17.5 0.092971,40.05813,18.1 0.092781,40.057885,18.9 0.09259299999999999,40.05748,20 0.092519,40.057384,20.3 0.092186,40.057171,20.6 0.092057,40.057134,20.5 0.091879,40.057121,20.2 0.091367,40.057157,17.9 0.091172,40.057128,16.6 0.090867,40.056963,14.1 0.09075699999999999,40.056823,12.7 0.09068,40.056612,10.8 0.090612,40.05642,9.199999999999999 0.09045,40.056177,6.9 0.09035299999999999,40.056109,6.1 0.090257,40.056084,5.5 0.090084,40.056089,4.5 0.089167,40.056206,2.1 0.089001,40.056239,2 0.088805,40.056323,2 0.08806899999999999,40.056658,1.8 0.086924,40.057031,1.7 0.08534799999999999,40.057642,3.9 0.084993,40.057745,4.6 0.08483300000000001,40.057748,4.9 0.084527,40.057715,5.4 0.083549,40.057614,6.599999999999999 0.081929,40.057463,6.999999999999999 0.081159,40.057401,6.799999999999999 0.08016,40.057329,6.599999999999999 0.080107,40.057325,6.599999999999999 0.079343,40.057274,6.599999999999999 0.07931299999999999,40.057272,6.599999999999999 0.078544,40.05722,6.7 0.07785300000000001,40.057174,6.9 0.077061,40.057121,6.999999999999999 0.076568,40.057088,7.1 0.076018,40.057051,7.399999999999999 0.075959,40.057047,7.399999999999999 0.075852,40.057054,7.5 0.07564700000000001,40.05704,7.6 0.075553,40.05702,7.6 0.075502,40.057029,7.7 0.075087,40.057006,7.8 0.07499400000000001,40.056982,7.9 0.074753,40.05696,8 0.07463500000000001,40.056955,8 0.074477,40.056944,8.1 0.073434,40.056871,7.9 0.072584,40.056812,7.5 0.072403,40.056799,7.3 0.071314,40.05672,6.7 0.071188,40.056711,6.599999999999999 0.0711,40.056704,6.599999999999999 0.07027,40.056644,6.5 0.070216,40.05664,6.599999999999999 0.07000000000000001,40.056624,6.7 0.069465,40.056585,7.199999999999999 0.068799,40.056536,8.199999999999999 0.068717,40.056531,8.300000000000001 0.068482,40.056513,8.699999999999999 0.068288,40.056499,9.1 0.068148,40.056485,9.5 0.068107,40.056478,9.6 0.067926,40.056475,10.2 0.067784,40.056481,10.6 0.067436,40.056416,11.6 0.06736399999999999,40.056425,11.9 0.06725299999999999,40.056426,12.2 0.06668399999999999,40.056386,13.8 0.066639,40.056382,13.9 0.065806,40.05631,16 0.06575300000000001,40.056301,16.1 0.065585,40.056243,16.6 0.065467,40.05615,16.9 0.06533899999999999,40.056047,17.2 0.06505900000000001,40.05582,17.7 0.06449000000000001,40.055498,18.4 0.06442199999999999,40.055465,18.5 0.06439300000000001,40.05545,18.5 0.06436500000000001,40.055435,18.5 0.06426,40.055381,18.6 0.064148,40.055321,18.7 0.063264,40.054813,19.9 0.06304999999999999,40.05469,20.2 0.06275600000000001,40.054521,20.7 0.06221400000000001,40.05421,21.4 0.06194,40.054052,21.9 0.061875,40.054015,22 0.061257,40.05365,23.6 0.06056399999999999,40.053241,25.3 0.059972,40.052892,26.4 0.059832,40.053013,26.6 0.05910300000000001,40.053647,26.5 0.05893700000000001,40.05379,26.3 0.0589,40.053822,26.3 0.058747,40.053936,26.2 0.058294,40.054167,26.3 0.058123,40.054246,26.5 0.058022,40.054279,26.7 0.057862,40.054338,26.9 0.05768400000000001,40.054371,27.2 0.057507,40.054382,27.5 0.056812,40.054413,29 0.05634,40.054431,30.1 0.055615,40.054459,31.6 0.055486,40.054464,31.7 0.055011,40.054482,32.3 0.054119,40.054515,33.4 0.05384199999999999,40.054518,33.9 0.052484,40.054538,36.1 0.051937,40.054563,37.3 0.05112000000000001,40.054596,39.3 0.050969,40.054624,39.7 0.050955,40.054659,39.9 0.050905,40.054693,40.1 0.05084499999999999,40.054698,40.3 0.050782,40.054669,40.6 0.050506,40.05466,41.8 0.049419,40.054714,46.6 0.049398,40.054715,46.7 0.04822000000000001,40.054764,52.4 0.04736699999999999,40.054805,55.79999999999999 0.047183,40.054836,56.5 0.047039,40.054885,57.1 0.045996,40.055451,61.49999999999999 0.045822,40.055569,62.4 0.04561,40.055863,64.3 0.045324,40.056413,68.2 0.045227,40.056657,70.2 0.045189,40.056842,71.8 0.04519499999999999,40.057027,73.5 0.045229,40.057133,74.59999999999999 0.045435,40.057641,80.5 0.045976,40.058537,84.40000000000001 0.04606400000000001,40.058735,84.59999999999999 0.04606,40.058931,84.40000000000001 0.045978,40.059114,84.2 0.045636,40.059631,82.90000000000001 0.045216,40.060256,83.8 0.04479099999999999,40.060904,88.7 0.04466100000000001,40.06116,90.8 0.044396,40.061905,96.3 0.04433399999999999,40.062022,97.2 0.044053,40.062393,100 0.04396900000000001,40.062485,100.7 0.043873,40.062569,101.4 0.043608,40.062699,102.9 0.043158,40.06286,105.3 0.042955,40.062982,106.6 0.042745,40.063166,108.4 0.042236,40.06391,115.4 0.042162,40.064057,116.9 0.042056,40.06447,121.1 0.041529,40.065285,129 0.041296,40.065691,132.3 0.041278,40.066086,135 0.041238,40.066246,136.1 0.040724,40.066803,141.3 0.040635,40.066985,143 0.040357,40.06816,154.1 0.040308,40.068385,156.2 0.0403,40.068665,158.6 0.04048,40.069391,164.5 0.040461,40.069631,166.8 0.040375,40.070031,170.7 0.040359,40.070227,172.6 0.040368,40.070599,176.1 0.040438,40.071115,181.1 0.040422,40.071226,182.2 0.040359,40.071341,183.4 0.039986,40.071669,187.3 0.039881,40.071826,188.7 0.039652,40.072351,193 0.039637,40.07244,193.7 0.039691,40.072547,194.5 0.039784,40.072598,195.2 0.039903,40.072621,195.9 0.039999,40.072617,196.5 0.040098,40.072577,197.2 0.040197,40.072426,198.6 0.040189,40.072043,202.2 0.040281,40.071942,203.4 0.040386,40.071908,204.2 0.040453,40.071909,204.7 0.040573,40.071941,205.6 0.04062,40.071978,206 0.040691,40.072105,207.3 0.040653,40.072254,208.6 0.040483,40.072504,210.8 0.040502,40.072634,211.7 0.040603,40.072727,212.3 0.040718,40.072772,212.8 0.040868,40.072765,213.3 0.040987,40.072702,213.7 0.041035,40.072646,213.9 0.041065,40.072509,214.4 0.040938,40.072022,215 0.040941,40.071864,215.2 0.041228,40.071312,217.6 0.041341,40.071207,218.8 0.041453,40.071175,219.9 0.041581,40.071175,221 0.042029,40.071326,225.5 0.042411,40.07134,228.4 0.042585,40.071415,229.8 0.042689,40.071593,231.5 0.042651,40.071746,232.8 0.042558,40.071843,233.7 0.04244,40.071909,234.5 0.042369,40.071926,235 0.042197,40.071915,235.8 0.041765,40.071794,237.8 0.041637,40.071786,238 0.04148,40.071846,238.2 0.041414,40.071958,238.4 0.041456,40.072142,238.8 0.041779,40.072505,241.2 0.041849,40.072642,242.5 0.041866,40.072797,244.2 0.041782,40.073102,247.6 0.041774,40.073245,249.1 0.041846,40.073385,250.6 0.041905,40.07344,251.4 0.042298,40.073691,254.8 0.042358,40.073764,255.6 0.042401,40.073909,256.8 0.042227,40.075444,268.4 0.042239,40.075514,269 0.042319,40.075628,270.2 0.042475,40.075696,271.3 0.042623,40.075699,272.3 0.042823,40.075628,273.8 0.042904,40.075544,274.8 0.042941,40.075433,275.9 0.042933,40.074753,282.4 0.042991,40.074547,284.1 0.04307,40.074442,284.9 0.043168,40.074368,285.5 0.043541,40.074205,287.2 0.043646,40.074068,287.9 0.043623,40.073885,288.7 0.043385,40.073524,290 0.043373,40.073412,290.2 0.043406,40.073304,290.4 0.043477,40.073195,290.6 0.04378,40.072873,291.1 0.043887,40.072706,291.4 0.043956,40.072517,291.8 0.044026,40.071995,293.2 0.044231,40.071519,294.3 0.04436,40.071413,294.6 0.04453100000000001,40.071401,294.8 0.044658,40.071457,295 0.04472199999999999,40.071544,295.2 0.044728,40.071594,295.4 0.044675,40.071711,295.8 0.044366,40.07211,298 0.04432599999999999,40.072197,298.6 0.04429300000000001,40.072404,299.7 0.04424499999999999,40.073011,304.6 0.04428099999999999,40.073197,306.4 0.044372,40.073385,308.5 0.044848,40.074044,316.5 0.044955,40.074314,319 0.044992,40.074513,320.7 0.04499299999999999,40.074776,322.9 0.044992,40.075468,327.8 0.044958,40.075816,329.5 0.044889,40.076001,330.3 0.044627,40.076332,331.6 0.04411900000000001,40.076869,334.4 0.043918,40.077304,336.6 0.043731,40.077722,339.3 0.043481,40.07807,342.3 0.043375,40.078156,343.3 0.043101,40.07831,345.6 0.042738,40.078449,348.5 0.042582,40.078538,349.8 0.042396,40.078761,352.5 0.042338,40.078912,354.2 0.042294,40.079188,357.6 0.042253,40.079249,358.4 0.042132,40.079327,360 0.041629,40.079506,365.3 0.041507,40.079581,366.6 0.041193,40.080021,370.6 0.041057,40.080081,371.3 0.040914,40.080045,372.1 0.040854,40.079964,372.8 0.040704,40.079614,374.8 0.04056,40.079509,375.4 0.040486,40.079482,375.6 0.040345,40.079473,375.8999999999999 0.039702,40.079547,375.7 0.039587,40.07954,375.5 0.039414,40.079481,375.2 0.039322,40.079375,375.1 0.039309,40.079315,375.1 0.039383,40.079017,375.1 0.039382,40.078889,375 0.039259,40.078649,374.3 0.039108,40.078468,373.3 0.038678,40.078233,371.4 0.038566,40.078179,371 0.038175,40.077993,369.9 0.038129,40.077975,369.8 0.037925,40.077911,369.6 0.037699,40.0779,369.5 0.036869,40.078107,368.3 0.036278,40.078124,367.5 0.035239,40.078162,366 0.034569,40.078101,366 0.034412,40.078118,366.2 0.03433,40.078149,366.3 0.033032,40.078977,371.5 0.032852,40.079049,371.8 0.032625,40.079052,371.9 0.032355,40.078987,372.3 0.032075,40.078855,372.8 0.031788,40.078471,373.8 0.031672,40.078367,374.1 0.031525,40.078291,374.4 0.031355,40.078239,374.8 0.031089,40.078164,375.8 0.030849,40.078033,377.1 0.02995,40.077309,382.8 0.02985,40.077117,383.4 0.029908,40.076644,385.5 0.02989199999999999,40.076534,386.1 0.029856,40.076495,386.4 0.029773,40.076448,386.9 0.029509,40.076382,388.3 0.028861,40.076347,392.2 0.028635,40.0763,394.1000000000001 0.028289,40.076133,397.6 0.028187,40.076105,398.6 0.027973,40.076105,400.6 0.027472,40.076258,405.5 0.027289,40.076284,406.9999999999999 0.027197,40.076277,407.6999999999999 0.027046,40.076222,408.9 0.026913,40.076106,410.1999999999999 0.026741,40.075893,412.2 0.026687,40.075652,414.1 0.02679,40.075047,417.9999999999999 0.026798,40.074996,418.3 0.026897,40.074478,419.8 0.026903,40.074415,419.9 0.026928,40.07425,419.8 0.026942,40.074184,419.7 0.027091,40.073811,419.2 0.027316,40.073465,418.3 0.02745,40.073155,416.8999999999999 0.027511,40.072935,415.6999999999999 0.027475,40.072796,414.8 0.027248,40.07256,412.7 0.027231,40.072428,411.7 0.027258,40.07237,411.2 0.02736,40.072271,410.3 0.028129,40.071754,404.2 0.02819,40.071637,403 0.028219,40.071294,399.4 0.028206,40.070931,395.8 0.028086,40.070797,394.1999999999999 0.027952,40.070736,392.9999999999999 0.027753,40.070719,391.4 0.027209,40.070892,387.3 0.027002,40.070934,386.5 0.026784,40.070943,385.7 0.026489,40.070904,384.7 0.026294,40.070906,384.1 0.02619,40.070935,383.7 0.026047,40.071033,383.2 0.025978,40.071339,382.1 0.025939,40.071398,381.9 0.025728,40.071604,381 0.025616,40.071671,380.9 0.025381,40.071695,380.9 0.025221,40.07164,381 0.024975,40.0715,380.8 0.024712,40.071449,379.8 0.024505,40.071465,378.6 0.024028,40.071595,376 0.023814,40.071626,375 0.023725,40.07161,374.6 0.023348,40.071408,373.1 0.023065,40.071259,372.6 0.022677,40.071,371.1 0.022252,40.070523,367.6 0.022199,40.070437,367.2 0.022186,40.070371,366.9 0.0222,40.07027,366.4 0.022337,40.069963,364.8 0.022381,40.069795,363.6 0.022374,40.069683,362.8 0.0223,40.069465,360.8 0.022094,40.069142,356.7 0.022045,40.068966,354.7 0.022089,40.068801,353.2 0.022263,40.068509,350.8 0.022309,40.068379,349.7 0.022315,40.068147,347.7 0.022237,40.067993,346 0.022095,40.067907,344.7 0.021814,40.067791,342.7 0.021705,40.067743,341.9 0.021591,40.067644,341 0.02132,40.067257,338.5 0.021145,40.067147,337.8 0.02104,40.067117,337.4 0.020928,40.067119,337 0.019742,40.067607,332.6 0.01963,40.067621,332.2 0.01952,40.067607,331.8 0.019302,40.067506,330.8 0.019224,40.067421,330.3 0.019014,40.066984,327.7 0.018896,40.066824,326.6 0.018776,40.066717,325.7 0.018634,40.066633,324.7 0.018506,40.066594,324 0.018369,40.066581,323.2 0.018182,40.066596,322 0.017496,40.066719,317.9 0.017225,40.06669,316.6 0.016747,40.066557,315 0.016371,40.066547,314.6 0.015662,40.066649,315.5 0.015438,40.066708,316.2 0.014933,40.06696,318.3 0.01477,40.067018,318.8 0.01449,40.067044,319.4 0.014318,40.066961,319.6 0.014239,40.066874,319.6 0.014228,40.066717,319.6 0.014335,40.06655,319.3 0.014757,40.066239,317.6 0.014932,40.066062,316.2 0.014985,40.065766,314 0.015038,40.065306,310.3 0.015411,40.063915,295.4 0.015497,40.063802,293.7 0.015879,40.063488,288.7 0.015964,40.063376,287.3 0.015996,40.063261,286.1 0.015985,40.063151,285 0.015859,40.062993,283.2 0.015656,40.062934,281.5 0.015284,40.06291,279.1 0.015142,40.06287,278.4 0.015026,40.062804,277.8 0.01491,40.062692,277.4 0.014545,40.062254,276.9 0.014406,40.062162,276.7 0.014243,40.062096,276.3 0.013686,40.061919,274.5 0.013507,40.061783,273.5 0.013452,40.061687,273 0.013406,40.061399,271.9 0.013432,40.061266,271.6 0.013628,40.060769,270.5 0.013593,40.060612,270.3 0.013491,40.060505,270.2 0.013202,40.060274,270.2 0.012819,40.059968,270.3 0.012358,40.059602,270.1 0.012082,40.059363,268.8 0.0115,40.058514,259 0.011448,40.058392,257.3 0.011462,40.058182,254.7 0.011717,40.057484,246.5 0.011716,40.057339,245 0.011646,40.056968,241.2 0.011621,40.056848,240 0.011618,40.055697,231.2 0.011576,40.05554,230.2 0.011152,40.054638,221.8 0.011118,40.054508,220.3 0.011185,40.053706,209.2 0.011102,40.053257,203.2 0.011059,40.053161,202.1 0.010986,40.053089,201.2 0.010881,40.053044,200.3 0.010669,40.053058,199 0.009652000000000001,40.053455,196.6 0.009481,40.053494,196.9 0.009058,40.053533,197.9 0.008755000000000001,40.05366,198.8 0.00859,40.053824,199.5 0.008543,40.053928,199.8 0.008378,40.054704,200.8 0.008295,40.054817,200.8 0.008132,40.054951,200.5 0.007951,40.05511,200 0.007842,40.055171,199.8 0.007711000000000001,40.055202,199.4 0.007425,40.055192,198.6 0.006521999999999999,40.055119,194.8 0.006296,40.055084,193.6 0.005559,40.054904,190.5 0.005436,40.054849,190 0.005246,40.054691,189.1 0.004674,40.05413,186.4 0.00461,40.053981,185.9 0.004619,40.053884,185.5 0.00477,40.053289,182.5 0.004829,40.053196,181.9 0.00494,40.053093,181.1 0.00509,40.053001,180.1 0.005482,40.052743,177.3 0.005561,40.052642,176.5 0.00573,40.052159,172.9 0.005736,40.052039,171.8 0.005683,40.051917,170.6 0.005387,40.051486,165.7 0.005339,40.051291,163.6 0.005405,40.051158,162.1 0.005804000000000001,40.050695,156.3 0.005821,40.050486,154 0.005760000000000001,40.050379,152.6 0.005654,40.050291,151.2 0.005459,40.050207,149.3 0.004184,40.049759,142.2 0.00397,40.04971,141.7 0.002531,40.04957,137.5 0.002341,40.049569,136.8 0.002202,40.049595,136.3 0.001943,40.049704,135.1 0.001785,40.049731,134.5 0.001657,40.049712,134 0.001151,40.049546,132.3 0.000818,40.049532,131.6 0.000519,40.049627,131 0.00034,40.04977,130.5 0.000294,40.049965,130 0.000341,40.050249,129.3 0.000316,40.050387,129 0.000236,40.050492,128.8 0.000111,40.05057,128.5 -6.499999999999999e-05,40.050623,128.1 -0.000169,40.050624,127.9 -0.00031,40.050604,127.6 -0.000435,40.050549,127.2 -0.000538,40.05046,126.7 -0.001063,40.049734,121.9 -0.001104,40.049621,121.2 -0.001101,40.049532,120.7 -0.001018,40.049367,119.8 -0.000891,40.049287,119.1 -0.000499,40.049181,117.2 -0.000321,40.04914,116.4 -0.000155,40.049092,115.6 -4.1e-05,40.049034,114.9 7.2e-05,40.048932,114.2 0.000398,40.04853,111.4 0.000512,40.048316,110.1 0.0007200000000000002,40.047511,107 0.0008209999999999999,40.047123,106.4 0.000846,40.047039,106.3 0.0009020000000000001,40.046788,106.1 0.0009069999999999999,40.046689,106.1 0.000859,40.04654,106.1 0.000331,40.045777,106.2 -0.000239,40.044968,104.1 -0.000417,40.044785,103.1 -0.000687,40.044593,101.5 -0.000977,40.044428,99.7 -0.001291,40.044249,97.89999999999999 -0.001706,40.044012,95.5 -0.00196,40.043794,93.8 -0.002184,40.04346,91.8 -0.003235,40.041892,86.8 -0.003296,40.0418,86.59999999999999 -0.004483,40.040021,82.3 -0.004999,40.039247,79 -0.00557,40.03839,73.7 -0.006147,40.037525,68.3 -0.006522999999999999,40.036933,65.3 -0.006736,40.036073,62.3 -0.007056,40.034686,57.40000000000001 -0.007202,40.034078,54.9 -0.007213000000000001,40.033939,54.39999999999999 -0.007158,40.033799,53.79999999999999 -0.006879,40.033462,52.10000000000001 -0.006793999999999999,40.033359,51.6 -0.00656,40.033073,50.2 -0.006505,40.032951,49.6 -0.0065,40.032768,48.89999999999999 -0.006571,40.0325,47.8 -0.006729,40.031903,45.6 -0.007092,40.030552,41.5 -0.007318,40.029694,39 -0.008012999999999999,40.027096,29.9 -0.008045,40.026915,29.4 -0.008104999999999999,40.026681,28.8 -0.008201999999999999,40.026458,28.2 -0.008330000000000001,40.026417,27.9 -0.008435,40.026347,27.6 -0.008503999999999999,40.026255,27.3 -0.008529999999999999,40.026151,27 -0.00847,40.025976,26.6 -0.008395,40.025905,26.3 -0.008212000000000001,40.025828,25.9 -0.007889999999999999,40.025447,24.6 -0.007794999999999999,40.025364,24.3 -0.00763,40.025288,24 -0.007334,40.0252,23.4 -0.007069999999999999,40.025169,23 -0.006711000000000001,40.025194,22.5 -0.00633,40.025213,22.2 -0.005974,40.025222,22.1 -0.00523,40.025195,22.2 -0.004747,40.025224,22.4 -0.00448,40.025306,22.6 -0.00415,40.025446,22.9 -0.003566,40.025781,23.2 -0.003106,40.025999,23.3 -0.00286,40.026048,23.2 -0.002642,40.026035,23.1 -0.002529,40.02597,22.9 -0.002346,40.025937,22.8 -0.002223,40.025953,22.6 -0.002138,40.025985,22.5 -0.001904,40.025974,22.2 -0.001272,40.025877,21.2 -0.001065,40.025875,20.9 -0.0008790000000000001,40.025903,20.7 -0.000526,40.025977,20.1 -0.000278,40.026067,19.8 0.000767,40.026558,18.7 0.002111,40.027197,17.9 0.002716,40.027435,17.5 0.00329,40.027607,17.1 0.003759999999999999,40.02771,16.7 0.004199,40.027775,16.3 0.004755,40.027823,15.7 0.005337,40.027826,14.9 0.005796999999999999,40.027799,14.3 0.006351,40.027732,13.3 0.006721000000000001,40.027663,12.6 0.007098,40.027593,11.8 0.008078,40.027371,9.6 0.008617,40.027243,8.300000000000001 0.010731,40.026734,3.6 0.010948,40.026682,3.299999999999999 0.013379,40.026096,1.5 0.01416,40.025908,1.2 0.014987,40.025656,0.8999999999999999 0.015371,40.025518,0.7 0.015501,40.025446,0.7 0.015546,40.025368,0.6 0.015666,40.025259,0.6 0.015829,40.02519,0.6 0.015923,40.025172,0.5 0.016006,40.025169,0.5 0.016206,40.025206,0.5 0.01622,40.025208,0.5 0.016393,40.025312,0.5 0.016449,40.025377,0.5 0.016508,40.025524,0.5 0.016493,40.025668,0.5 0.016566,40.025891,0.5 0.016598,40.02592,0.5 0.016875,40.026134,0.6 0.017431,40.026563,1 0.026291,40.033387,16.6 0.026763,40.033751,17.4 0.027036,40.033961,17.8 0.027852,40.03458,17.8 0.027997,40.034579,17.8 0.02816,40.034484,17.6 0.028641,40.033744,16.3 0.028809,40.033378,15.5 0.028844,40.033211,15.2 0.028809,40.033111,15 0.028848,40.033026,14.9 0.028954,40.032965,14.7 0.029082,40.032961,14.6 0.029186,40.033011,14.4 0.02923600000000001,40.033088,14.3 0.029345,40.033155,14.2 0.03015899999999999,40.033539,13.5 0.03253,40.034387,12 0.034621,40.035134,10.9 0.035229,40.035302,10.6 0.035892,40.035448,10.7 0.036086,40.035444,10.7 0.036197,40.03542,10.7 0.036308,40.035441,10.7 0.036414,40.035539,10.8 0.03642,40.035628,10.8 0.03648,40.035699,10.8 0.036596,40.035751,10.8 0.036809,40.035841,10.7 0.036864,40.035861,10.7 0.037082,40.035939,10.8 0.037281,40.03601,10.8 0.037492,40.036086,10.8 0.037694,40.036158,10.8 0.038163,40.036326,10.6 0.038832,40.036565,10.2 0.03933,40.036743,9.9 0.039418,40.036775,9.9 0.039619,40.036847,9.800000000000001 0.040058,40.037003,9.699999999999999 0.040174,40.037044,9.699999999999999 0.040693,40.037229,9.6 0.040991,40.037334,9.699999999999999 0.041191,40.037406,9.699999999999999 0.041356,40.037464,9.699999999999999 0.042561,40.037893,9.800000000000001 0.043033,40.038047,9.800000000000001 0.043648,40.038235,9.6 0.04456399999999999,40.038518,9.300000000000001 0.044824,40.038598,9.300000000000001 0.045133,40.038695,9.300000000000001 0.045513,40.038813,9.300000000000001 0.046219,40.039033,9.6 0.046252,40.039043,9.6 0.046822,40.039221,10 0.04756,40.039451,10.6 0.048234,40.039661,11.1 0.048254,40.039667,11.1 0.048889,40.039865,11.4 0.04953099999999999,40.040066,11.7 0.05062200000000001,40.040377,11.9 0.050753,40.040385,11.9 0.050939,40.040379,12 0.051041,40.040346,12 0.05112000000000001,40.040383,12.1 0.051133,40.040455,12.1 0.051373,40.040593,12.1 0.05205000000000001,40.04079,12.2 0.052405,40.040937,12.4 0.05271399999999999,40.041113,12.6 0.052756,40.041137,12.6 0.05314600000000001,40.041359,12.7 0.053408,40.041509,12.7 0.053838,40.041754,12.9 0.05423799999999999,40.04201,13.4 0.05445,40.042146,13.6 0.054641,40.042269,13.7 0.055009,40.042504,13.8 0.055357,40.042728,14 0.055756,40.042983,14.1 0.056207,40.043261,14.2 0.056775,40.043663,14.1 0.057145,40.043919,14 0.057378,40.043997,14 0.057408,40.043993,13.9 0.057494,40.044008,13.9 0.057557,40.044056,13.9 0.057577,40.044123,13.9 0.057677,40.044289,13.9 0.05805,40.044554,13.9 0.058258,40.044701,14 0.058668,40.044992,14 0.059212,40.045377,13.8 0.059251,40.045405,13.7 0.059254,40.045407,13.7 0.059478,40.045566,13.6 0.059735,40.045748,13.5 0.060477,40.046271,12.8 0.060921,40.046593,12.6 0.060931,40.046601,12.6 0.061168,40.046781,12.5 0.06140900000000001,40.046964,12.3 0.061565,40.047083,12.3 0.062019,40.047427,12.2 0.06224699999999999,40.047604,12.1 0.062359,40.047691,12.1 0.06261899999999999,40.047884,12.1 0.06289400000000001,40.048083,11.9 0.062976,40.048153,11.8 0.06327199999999999,40.048376,11.5 0.06351999999999999,40.048563,11.3 0.06390899999999999,40.04885,10.7 0.06411799999999999,40.049004,10.5 0.06443699999999999,40.049228,10.1 0.064567,40.049319,10 0.064829,40.049503,9.699999999999999 0.06489399999999999,40.049549,9.6 0.065009,40.049631,9.5 0.065035,40.04965,9.5 0.065404,40.049915,9.300000000000001 0.065528,40.050004,9.199999999999999 0.065668,40.050103,9.199999999999999 0.065835,40.050224,9.1 0.065887,40.050261,9.1 0.06635099999999999,40.050588,8.9 0.066674,40.050815,8.800000000000001 0.06677900000000001,40.050882,8.800000000000001 0.067027,40.05104,8.699999999999999 0.06834999999999999,40.05186,7.9 0.068927,40.052294,7.5 0.069207,40.052514,7.199999999999999 0.069828,40.052991,6.599999999999999 0.07022,40.053289,6.2 0.0706,40.053563,5.8 0.070808,40.053713,5.6 0.071161,40.053967,5.4 0.071299,40.053994,5.4 0.07145799999999999,40.053978,5.4 0.071594,40.054055,5.4 0.07162499999999999,40.05414,5.4 0.07159699999999999,40.054225,5.4 0.07151100000000001,40.05429,5.5 0.071412,40.054311,5.5 0.071311,40.054295,5.6 0.07121,40.054336,5.7 0.070742,40.054737,6.2 0.070659,40.054809,6.3 0.07008,40.055305,7.1 0.069895,40.055464,7.3 0.069664,40.055662,7.5 0.069511,40.055793,7.6 0.068936,40.056388,8.6 0.068799,40.056536,8.800000000000001 0.068717,40.056531,8.9 0.068482,40.056513,9.1 0.068288,40.056499,9.5 0.068148,40.056485,9.800000000000001 0.068107,40.056478,9.9 0.067926,40.056475,10.3 0.067784,40.056481,10.7 0.067436,40.056416,11.6 0.06736399999999999,40.056425,11.9 0.06725299999999999,40.056426,12.2 0.06668399999999999,40.056386,13.8 0.066639,40.056382,13.9 0.065806,40.05631,16 0.06575300000000001,40.056301,16.1 0.065585,40.056243,16.6 0.065467,40.05615,16.9 0.06533899999999999,40.056047,17.2 0.06505900000000001,40.05582,17.7 0.06449000000000001,40.055498,18.4 0.06442199999999999,40.055465,18.5 0.06439300000000001,40.05545,18.5 0.06436500000000001,40.055435,18.5 0.06426,40.055381,18.6 0.064148,40.055321,18.7 0.063264,40.054813,19.9 0.06304999999999999,40.05469,20.2 0.06275600000000001,40.054521,20.7 0.06221400000000001,40.05421,21.4 0.06194,40.054052,21.9 0.061875,40.054015,22 0.061257,40.05365,23.6 0.06056399999999999,40.053241,25.3 0.059972,40.052892,26.4 0.059832,40.053013,26.6 0.05910300000000001,40.053647,26.5 0.05893700000000001,40.05379,26.3 0.0589,40.053822,26.3 0.058747,40.053936,26.2 0.058294,40.054167,26.3 0.058123,40.054246,26.5 0.058022,40.054279,26.7 0.057862,40.054338,26.9 0.05768400000000001,40.054371,27.2 0.057507,40.054382,27.5 0.056812,40.054413,29 0.05634,40.054431,30.1 0.055615,40.054459,31.6 0.055486,40.054464,31.7 0.055011,40.054482,32.3 0.054119,40.054515,33.4 0.05384199999999999,40.054518,33.9 0.052484,40.054538,36.1 0.051937,40.054563,37.3 0.05112000000000001,40.054596,39.3 0.050969,40.054624,39.7 0.050955,40.054659,39.9 0.050905,40.054693,40.1 0.05084499999999999,40.054698,40.3 0.050782,40.054669,40.6 0.050506,40.05466,41.8 0.049419,40.054714,46.6 0.049398,40.054715,46.7 0.04822000000000001,40.054764,52.4 0.04736699999999999,40.054805,55.79999999999999 0.047183,40.054836,56.5 0.047039,40.054885,57.1 0.045996,40.055451,61.49999999999999 0.045822,40.055569,62.4 0.04561,40.055863,64.3 0.045324,40.056413,68.2 0.045227,40.056657,70.2 0.045189,40.056842,71.8 0.04519499999999999,40.057027,73.5 0.045229,40.057133,74.59999999999999 0.045435,40.057641,80.5 0.045976,40.058537,84.40000000000001 0.04606400000000001,40.058735,84.59999999999999 0.04606,40.058931,84.40000000000001 0.045978,40.059114,84.2 0.045636,40.059631,82.90000000000001 0.045216,40.060256,83.8 0.04479099999999999,40.060904,88.7 0.04466100000000001,40.06116,90.8 0.044396,40.061905,96.3 0.04433399999999999,40.062022,97.2 0.044053,40.062393,100 0.043995,40.062457,100.5 0.04396900000000001,40.062485,100.7 0.043873,40.062569,101.4 0.043608,40.062699,102.9 0.043158,40.06286,105.3 0.042955,40.062982,106.6 0.042745,40.063166,108.4 0.042236,40.06391,115.4 0.042162,40.064057,116.9 0.042056,40.06447,121.1 0.041529,40.065285,129 0.041296,40.065691,132.3 0.041278,40.066086,135 0.041238,40.066246,136.1 0.040724,40.066803,141.3 0.040635,40.066985,143 0.040357,40.06816,154.1 0.040308,40.068385,156.2 0.0403,40.068665,158.6 0.04048,40.069391,164.5 0.040461,40.069631,166.8 0.040375,40.070031,170.7 0.040359,40.070227,172.6 0.040368,40.070599,176.1 0.040438,40.071115,181.1 0.040422,40.071226,182.2 0.040359,40.071341,183.4 0.039986,40.071669,187.3 0.039881,40.071826,188.7 0.039652,40.072351,193 0.039637,40.07244,193.7 0.039691,40.072547,194.5 0.039784,40.072598,195.2 0.039903,40.072621,195.9 0.039999,40.072617,196.5 0.040098,40.072577,197.2 0.040197,40.072426,198.6 0.040189,40.072043,202.2 0.040281,40.071942,203.4 0.040386,40.071908,204.2 0.040453,40.071909,204.7 0.040573,40.071941,205.6 0.04062,40.071978,206 0.040691,40.072105,207.3 0.040653,40.072254,208.6 0.040483,40.072504,210.8 0.040502,40.072634,211.7 0.040603,40.072727,212.3 0.040718,40.072772,212.8 0.040868,40.072765,213.3 0.040987,40.072702,213.7 0.041035,40.072646,213.9 0.041065,40.072509,214.4 0.040938,40.072022,215 0.040941,40.071864,215.2 0.041228,40.071312,217.6 0.041341,40.071207,218.8 0.041453,40.071175,219.9 0.041581,40.071175,221 0.042029,40.071326,225.5 0.042411,40.07134,228.4 0.042585,40.071415,229.8 0.042689,40.071593,231.5 0.042651,40.071746,232.8 0.042558,40.071843,233.7 0.04244,40.071909,234.5 0.042369,40.071926,235 0.042197,40.071915,235.8 0.041765,40.071794,237.8 0.041637,40.071786,238 0.04148,40.071846,238.2 0.041414,40.071958,238.4 0.041456,40.072142,238.8 0.041779,40.072505,241.2 0.041849,40.072642,242.5 0.041866,40.072797,244.2 0.041782,40.073102,247.6 0.041774,40.073245,249.1 0.041846,40.073385,250.6 0.041905,40.07344,251.4 0.042298,40.073691,254.8 0.042358,40.073764,255.6 0.042401,40.073909,256.8 0.042227,40.075444,268.4 0.042239,40.075514,269 0.042319,40.075628,270.2 0.042475,40.075696,271.3 0.042623,40.075699,272.3 0.042823,40.075628,273.8 0.042904,40.075544,274.8 0.042941,40.075433,275.9 0.042933,40.074753,282.4 0.042991,40.074547,284.1 0.04307,40.074442,284.9 0.043168,40.074368,285.5 0.043541,40.074205,287.2 0.043646,40.074068,287.9 0.043623,40.073885,288.7 0.043385,40.073524,290 0.043373,40.073412,290.2 0.043406,40.073304,290.4 0.043477,40.073195,290.6 0.04378,40.072873,291.1 0.043887,40.072706,291.4 0.043956,40.072517,291.8 0.044026,40.071995,293.2 0.044231,40.071519,294.3 0.04436,40.071413,294.6 0.04453100000000001,40.071401,294.8 0.044658,40.071457,295 0.04472199999999999,40.071544,295.2 0.044728,40.071594,295.4 0.044675,40.071711,295.8 0.044366,40.07211,298 0.04432599999999999,40.072197,298.6 0.04429300000000001,40.072404,299.7 0.04424499999999999,40.073011,304.6 0.04428099999999999,40.073197,306.4 0.044372,40.073385,308.5 0.044848,40.074044,316.5 0.044955,40.074314,319 0.044992,40.074513,320.7 0.04499299999999999,40.074776,322.7 0.044992,40.075468,328 0.04537200000000001,40.075761,330.7 0.045246,40.07585,331.5 0.045069,40.076026,332.7 0.045044,40.07611,333.1 0.04494799999999999,40.076174,333.6 0.044876,40.0762,333.8 0.04477,40.076287,334.4 0.04472500000000001,40.076456,335.3 0.04457,40.076684,336.8 0.04440599999999999,40.076841,338.3 0.044241,40.076999,339.6 0.044098,40.077342,341.7 0.044151,40.077564,343.1 0.044117,40.077723,344.2 0.044029,40.077834,345.1 0.04391,40.077867,345.8 0.043667,40.078123,348.3 0.043484,40.078256,350 0.043208,40.07841,352.5 0.042873,40.078597,354.9 0.042762,40.078703,355.9 0.042563,40.078934,357.8 0.042556,40.078959,357.9999999999999 0.042508,40.07912,359.2 0.042558,40.0792,359.8 0.042603,40.079228,360.1 0.043837,40.07949,367.4 0.044139,40.079597,368.5 0.04417900000000001,40.07968,368.9 0.044151,40.079879,369.8 0.043972,40.08013,371.4 0.043954,40.080221,372 0.044009,40.080279,372.4 0.044012,40.080281,372.5 0.044106,40.080313,373.1 0.044239,40.080315,373.8 0.044408,40.080384,374.9 0.04515,40.080837,381 0.045247,40.080935,382 0.045403,40.081307,386.1 0.04546599999999999,40.081335,386.7 0.045539,40.081346,387.4 0.045626,40.081327,388.3 0.04570899999999999,40.081272,389.3999999999999 0.04583,40.081053,392.5 0.045877,40.081012,393.2 0.04594,40.081009,393.9 0.045981,40.081053,394.7 0.046007,40.081313,398.4 0.04597199999999999,40.081416,400.1 0.045879,40.08155,402.5 0.045498,40.081966,411.7 0.04545399999999999,40.082053,413.5 0.045451,40.082126,414.9999999999999 0.045659,40.082493,423.4 0.045664,40.082512,423.8 0.04579300000000001,40.082974,433.3999999999999 0.045927,40.083245,438.8999999999999 0.046073,40.083637,445.4 0.046239,40.084312,453.2 0.04634300000000001,40.084459,454.4 0.04605,40.084749,456.4 0.045958,40.08489,457.3 0.045916,40.085021,458 0.045932,40.085119,458.4 0.046081,40.085471,460 0.046112,40.085646,460.8 0.046035,40.085873,461.9999999999999 0.046037,40.085945,462.3 0.04619399999999999,40.086083,463.3999999999999 0.046249,40.086191,464.3 0.046276,40.086431,466 0.046357,40.086649,467.8 0.046477,40.086857,469.8 0.046484,40.087013,471.3 0.046422,40.087127,472.4999999999999 0.046323,40.087136,473.4 0.04624200000000001,40.087097,474.1 0.04613300000000001,40.086787,477.8 0.046029,40.086725,479.1 0.04595599999999999,40.086714,479.8999999999999 0.04593099999999999,40.086742,480.3 0.045902,40.087101,485.5 0.04583399999999999,40.087396,490.1 0.045768,40.087482,491.7 0.045634,40.087515,493.3999999999999 0.04555500000000001,40.087512,494.4 0.045253,40.087427,498.5 0.044902,40.087298,503.3 0.044665,40.087162,507 0.044557,40.087069,509.1999999999999 0.044471,40.08698,511.2 0.04423699999999999,40.086829,515.5 0.04404,40.086657,519.8 0.043988,40.086641,520.6 0.043829,40.08659,523.1 0.043632,40.086566,525.9 0.04314,40.086576,533 0.042483,40.086617,542.8 0.041797,40.086777,553.4 0.041651,40.086892,556.3 0.041516,40.08716,561.2 0.041461,40.087188,562 0.041387,40.087173,562.9 0.041094,40.086407,572.6 0.041085,40.08562,578.8 0.04096,40.085213,581.9 0.040918,40.085143,582.6 0.040843,40.085084,583.3 0.040593,40.084981,585.5 0.040341,40.084843,588.2 0.040246,40.084817,589.2 0.040163,40.084813,590 0.040052,40.08487,591.4 0.040054,40.084972,592.8 0.040162,40.085164,596 0.040232,40.085494,601.1 0.040218,40.085587,602.6 0.040154,40.08569,604.4 0.039937,40.08589,608.3 0.039899,40.085979,609.6 0.039913,40.086121,611.5 0.039883,40.086283,613.7 0.03985,40.086337,614.4 0.039861,40.086453,615.7 0.039793,40.086468,616.4 0.039734,40.086408,617.2 0.039754,40.08632,618.1 0.039596,40.086047,620.9 0.03957,40.085885,622.4 0.039533,40.08583,622.9 0.039452,40.08579,623.6 0.039447,40.085789,623.6 0.03881,40.085752,628.2 0.0387,40.085712,629.1 0.038539,40.085431,632.6 0.038459,40.085382,633.6 0.038384,40.08541,634.4 0.038238,40.085833,640.2 0.038248,40.085951,641.9 0.03849,40.086467,650.7 0.038369,40.086731,655.5 0.038306,40.086807,657.1 0.038189,40.086865,658.9 0.037824,40.086957,663.7 0.037349,40.087004,668.8 0.037309,40.087008,669.1 0.037088,40.087074,671 0.03685,40.087192,672.7 0.036777,40.087275,673.2 0.036754,40.08737,673.7 0.036689,40.087423,673.9 0.036576,40.087409,674.2 0.036529,40.087446,674.4 0.0363,40.087499,675 0.035605,40.08771,674.8 0.035525,40.087719,674.6 0.03543,40.08769,674.3 0.035341,40.087628,674 0.03518,40.087333,672.4 0.03504,40.087269,671.7 0.034877,40.087256,671.1 0.034717,40.087199,670.6 0.034274,40.086957,669.6 0.034133,40.08682,669.3 0.033874,40.086442,668.6 0.03375,40.086362,668.4 0.033639,40.086331,668.3 0.033422,40.086337,668 0.032946,40.086247,667.4 0.032869,40.086266,667.3 0.032809,40.086324,667.2 0.032824,40.086586,666.5 0.033075,40.087294,662.9 0.03324,40.087553,660.8 0.03331,40.087721,659.5 0.033376,40.088083,657.6 0.033397,40.088322,656.9 0.033335,40.088595,656.9 0.033291,40.088664,657 0.033211,40.088715,657.2 0.033115,40.088753,657.5 0.033037,40.088759,657.8 0.033004,40.088712,658.1 0.032989,40.088376,660.6 0.032943,40.088262,661.8 0.0327,40.087909,666.7 0.032489,40.087657,670.9 0.032251,40.087229,677.9 0.032128,40.086951,682.5 0.031826,40.0865,689.2 0.031556,40.085932,692.7 0.031343,40.085827,692.7 0.031194,40.085791,692.4 0.030924,40.085811,691.4 0.030838,40.085806,691 0.030727,40.085799,690.5 0.030476,40.085753,689 0.029672,40.085687,682.3 0.029502,40.085696,680.7 0.029302,40.085743,678.8 0.029099,40.085753,677 0.028925,40.08572,675.6 0.028821,40.085662,674.6 0.028529,40.085416,671.6 0.027683,40.084435,662.7 0.02733500000000001,40.084244,659.8 0.027085,40.084205,658.3 0.026939,40.084122,657.4 0.026872,40.084017,656.7 0.026832,40.08374,654.9 0.026757,40.083614,654.1 0.026146,40.083323,650.4 0.026038,40.083264,649.6 0.025401,40.08262,644 0.02532,40.082339,641.5 0.025066,40.081976,637.3 0.024857,40.081769,634.5 0.024712,40.081465,631 0.02453,40.081173,627.4 0.024123,40.080652,620.4 0.024012,40.080457,617.8 0.023859,40.080287,615.3 0.023594,40.079816,608.8 0.023375,40.079594,605.2 0.022955,40.078829,594.4 0.0228,40.078465,590.1 0.022472,40.078172,586.4 0.022217,40.0779,583.4 0.022078,40.077804,582.2 0.021569,40.077703,578.6 0.021441,40.077625,577.5 0.021298,40.077382,575.3 0.021179,40.077272,574.2 0.021032,40.076908,571 0.021043,40.076818,570.1 0.021081,40.076799,569.7 0.021159,40.076815,569.1 0.021667,40.077297,560.3 0.021772,40.077356,558.6 0.021871,40.077373,557.4 0.021962,40.077351,556.2 0.02211,40.077254,553.9 0.02232200000000001,40.077173,551.2 0.022551,40.077157,548.4 0.022647,40.077123,547.1 0.022743,40.077001,544.8 0.022833,40.076773,540.5 0.022845,40.076659,538.4 0.022783,40.076569,536.5 0.022575,40.076494,533.1 0.022531,40.076456,532.2 0.022385,40.076143,525.9 0.022445,40.076047,524 0.022986,40.07599,517.5 0.023199,40.076016,515 0.023395,40.076138,512 0.023502,40.076252,509.8000000000001 0.023575,40.076388,507.3999999999999 0.023582,40.076524,505.2 0.023679,40.076912,498.8999999999999 0.023755,40.077011,497.2 0.023874,40.077048,495.8999999999999 0.024071,40.077058,493.9 0.024269,40.077102,492.1 0.024367,40.077155,491 0.024552,40.077359,488 0.024883,40.077539,483.9 0.025259,40.077828,478.6 0.025364,40.078014,476.1 0.025426,40.078049,475.4 0.025737,40.078042,472.7 0.026126,40.078076,469.4 0.026586,40.078057,465.1 0.027255,40.07821,458.8 0.027329,40.07821,458.1 0.027456,40.078162,457 0.027611,40.07806,455.5 0.027678,40.078001,454.8 0.027686,40.077936,454.1999999999999 0.02764,40.077879,453.7 0.026971,40.077718,449.8 0.026515,40.077695,447.6 0.025951,40.07752,445.3 0.025887,40.077439,444.8 0.025869,40.077354,444.3 0.02589,40.077143,443.1 0.025746,40.076747,440.3 0.025726,40.076493,438.3 0.025654,40.076233,435.8999999999999 0.025676,40.076146,435.1000000000001 0.025767,40.076031,433.8 0.025882,40.07595,432.6 0.026007,40.075903,431.4999999999999 0.026074,40.075831,430.5 0.02612,40.075736,429.6000000000001 0.026156,40.07546,427.3 0.026493,40.075109,424.8 0.026663,40.075028,424.1 0.026798,40.074996,423.6 0.026897,40.074478,421.4 0.026903,40.074415,421.1 0.026928,40.07425,420.4 0.026942,40.074184,420.2 0.027091,40.073811,419.2 0.027316,40.073465,418.3 0.02745,40.073155,416.8999999999999 0.027511,40.072935,415.6999999999999 0.027475,40.072796,414.8 0.027248,40.07256,412.7 0.027231,40.072428,411.7 0.027258,40.07237,411.2 0.02736,40.072271,410.3 0.028129,40.071754,404.2 0.02819,40.071637,403 0.028219,40.071294,399.4 0.028206,40.070931,395.8 0.028086,40.070797,394.1999999999999 0.027952,40.070736,392.9999999999999 0.027753,40.070719,391.4 0.027209,40.070892,387.3 0.027002,40.070934,386.5 0.026784,40.070943,385.7 0.026489,40.070904,384.7 0.026294,40.070906,384.1 0.02619,40.070935,383.7 0.026047,40.071033,383.2 0.025978,40.071339,382.1 0.025939,40.071398,381.9 0.025728,40.071604,381 0.025616,40.071671,380.9 0.025381,40.071695,380.9 0.025221,40.07164,381 0.024975,40.0715,380.8 0.024712,40.071449,379.8 0.024505,40.071465,378.6 0.024028,40.071595,376 0.023814,40.071626,375 0.023725,40.07161,374.6 0.023348,40.071408,373.1 0.023065,40.071259,372.6 0.022677,40.071,371.1 0.022252,40.070523,367.6 0.022199,40.070437,367.2 0.022186,40.070371,366.9 0.0222,40.07027,366.4 0.022337,40.069963,364.8 0.022381,40.069795,363.6 0.022374,40.069683,362.8 0.0223,40.069465,360.8 0.022094,40.069142,356.7 0.022045,40.068966,354.7 0.022089,40.068801,353.2 0.022263,40.068509,350.8 0.022309,40.068379,349.7 0.022315,40.068147,347.7 0.022237,40.067993,346 0.022095,40.067907,344.7 0.021814,40.067791,342.7 0.021705,40.067743,341.9 0.021591,40.067644,341 0.02132,40.067257,338.5 0.021145,40.067147,337.8 0.02104,40.067117,337.4 0.020928,40.067119,337 0.019742,40.067607,332.6 0.01963,40.067621,332.2 0.01952,40.067607,331.8 0.019302,40.067506,330.8 0.019224,40.067421,330.3 0.019014,40.066984,327.7 0.018896,40.066824,326.6 0.018776,40.066717,325.7 0.018634,40.066633,324.7 0.018506,40.066594,324 0.018369,40.066581,323.2 0.018182,40.066596,322 0.017496,40.066719,317.9 0.017225,40.06669,316.6 0.016747,40.066557,315 0.016371,40.066547,314.6 0.015662,40.066649,315.5 0.015438,40.066708,316.2 0.014933,40.06696,318.3 0.01477,40.067018,318.8 0.01449,40.067044,319.4 0.014318,40.066961,319.6 0.014239,40.066874,319.6 0.014228,40.066717,319.6 0.014335,40.06655,319.3 0.014757,40.066239,317.6 0.014932,40.066062,316.2 0.014985,40.065766,314 0.015038,40.065306,310.3 0.015411,40.063915,295.4 0.015497,40.063802,293.7 0.015879,40.063488,288.7 0.015964,40.063376,287.3 0.015996,40.063261,286.1 0.015985,40.063151,285 0.015859,40.062993,283.2 0.015656,40.062934,281.5 0.015284,40.06291,279.1 0.015142,40.06287,278.4 0.015026,40.062804,277.8 0.01491,40.062692,277.4 0.014545,40.062254,276.9 0.014406,40.062162,276.7 0.014243,40.062096,276.3 0.013686,40.061919,274.5 0.013507,40.061783,273.5 0.013452,40.061687,273 0.013406,40.061399,271.9 0.013432,40.061266,271.6 0.013628,40.060769,270.5 0.013593,40.060612,270.3 0.013491,40.060505,270.2 0.012819,40.059968,270.3 0.012358,40.059602,270.1 0.012082,40.059363,268.8 0.0115,40.058514,259 0.011448,40.058392,257.3 0.011462,40.058182,254.7 0.011717,40.057484,246.5 0.011716,40.057339,245 0.011646,40.056968,241.2 0.011621,40.056848,240 0.011618,40.055697,231.2 0.011576,40.05554,230.2 0.011152,40.054638,221.8 0.011118,40.054508,220.3 0.011185,40.053706,209.2 0.011102,40.053257,203.2 0.011059,40.053161,202.1 0.010986,40.053089,201.2 0.010881,40.053044,200.3 0.010669,40.053058,199 0.009652000000000001,40.053455,196.6 0.009481,40.053494,196.9 0.009058,40.053533,197.9 0.008755000000000001,40.05366,198.8 0.00859,40.053824,199.5 0.008543,40.053928,199.8 0.008378,40.054704,200.8 0.008295,40.054817,200.8 0.008132,40.054951,200.5 0.007951,40.05511,200 0.007842,40.055171,199.8 0.007711000000000001,40.055202,199.4 0.007425,40.055192,198.6 0.006521999999999999,40.055119,194.8 0.006296,40.055084,193.6 0.005559,40.054904,190.5 0.005436,40.054849,190 0.005246,40.054691,189.1 0.004674,40.05413,186.4 0.00461,40.053981,185.9 0.004619,40.053884,185.5 0.00477,40.053289,182.5 0.004829,40.053196,181.9 0.00494,40.053093,181.1 0.00509,40.053001,180.1 0.005482,40.052743,177.3 0.005561,40.052642,176.5 0.00573,40.052159,172.9 0.005736,40.052039,171.8 0.005683,40.051917,170.6 0.005387,40.051486,165.7 0.005339,40.051291,163.6 0.005405,40.051158,162.1 0.005804000000000001,40.050695,156.3 0.005821,40.050486,154 0.005760000000000001,40.050379,152.6 0.005654,40.050291,151.2 0.005459,40.050207,149.3 0.004184,40.049759,142.2 0.00397,40.04971,141.7 0.002531,40.04957,137.5 0.002341,40.049569,136.8 0.002202,40.049595,136.3 0.001943,40.049704,135.1 0.001785,40.049731,134.5 0.001657,40.049712,134 0.001151,40.049546,132.3 0.000818,40.049532,131.6 0.000519,40.049627,131 0.00034,40.04977,130.5 0.000294,40.049965,130 0.000341,40.050249,129.3 0.000316,40.050387,129 0.000236,40.050492,128.8 0.000111,40.05057,128.5 -6.499999999999999e-05,40.050623,128.1 -0.000169,40.050624,127.9 -0.00031,40.050604,127.6 -0.000435,40.050549,127.2 -0.000538,40.05046,126.7 -0.001063,40.049734,121.9 -0.001104,40.049621,121.2 -0.001101,40.049532,120.7 -0.001018,40.049367,119.8 -0.000891,40.049287,119.1 -0.000499,40.049181,117.2 -0.000321,40.04914,116.4 -0.000155,40.049092,115.6 -4.1e-05,40.049034,114.9 7.2e-05,40.048932,114.2 0.000398,40.04853,111.4 0.000512,40.048316,110.1 0.0007200000000000002,40.047511,107 0.0008209999999999999,40.047123,106.4 0.000846,40.047039,106.3 0.0009020000000000001,40.046788,106.1 0.0009069999999999999,40.046689,106.1 0.000859,40.04654,106.1 0.000331,40.045777,106.2 -0.000239,40.044968,104.1 -0.000417,40.044785,103.1 -0.000687,40.044593,101.5 -0.000977,40.044428,99.7 -0.001291,40.044249,97.89999999999999 -0.001706,40.044012,95.5 -0.00196,40.043794,93.8 -0.002184,40.04346,91.8 -0.003235,40.041892,86.8 -0.003296,40.0418,86.59999999999999 -0.004483,40.040021,82.3 -0.004999,40.039247,79 -0.00557,40.03839,73.7 -0.006147,40.037525,68.3 -0.006522999999999999,40.036933,65.3 -0.006736,40.036073,62.3 -0.007056,40.034686,57.40000000000001 -0.007202,40.034078,54.9 -0.007213000000000001,40.033939,54.39999999999999 -0.007158,40.033799,53.79999999999999 -0.006879,40.033462,52.10000000000001 -0.006793999999999999,40.033359,51.6 -0.00656,40.033073,50.2 -0.006505,40.032951,49.6 -0.0065,40.032768,48.89999999999999 -0.006571,40.0325,47.8 -0.006729,40.031903,45.6 -0.007092,40.030552,41.5 -0.007318,40.029694,39 -0.008012999999999999,40.027096,29.9 -0.008045,40.026915,29.4 -0.008104999999999999,40.026681,28.8 -0.008201999999999999,40.026458,28.2 -0.008330000000000001,40.026417,28 -0.008435,40.026347,27.7 -0.008503999999999999,40.026255,27.5 -0.008529999999999999,40.026151,27.3 -0.008675,40.026045,26.9 -0.008958000000000001,40.025918,26.4 -0.009603,40.025766,25.6 -0.009627999999999999,40.025759,25.5 -0.009894999999999999,40.025692,25.2 -0.010465,40.025554,24.6 -0.011078,40.025466,24 -0.011358,40.02544,23.8 -0.012316,40.025351,23.2 -0.013576,40.025234,22.5 -0.014548,40.025137,22.4 -0.014707,40.025121,22.4 -0.015077,40.025081,22.5 -0.015851,40.024998,22.9 -0.016078,40.024973,23.1 -0.017521,40.024817,23.8 -0.020089,40.02453,23.3 -0.020168,40.024522,23.3 -0.020867,40.024438,23.2 -0.021563,40.024355,23.3 -0.021895,40.024313,23.4 -0.023139,40.024124,24 -0.024043,40.023975,24.7 -0.024762,40.023857,25.1 -0.025448,40.023736,25.3 -0.025962,40.023582,25.3 -0.026819,40.023138,25.2 -0.028049,40.022467,24.9 -0.028932,40.021989,24.3 -0.030354,40.021217,23.3 -0.031492,40.020609,23.6 -0.032076,40.020297,24.2 -0.033256,40.019666,24.8 -0.033435,40.019576,24.8 -0.033763,40.01925,24.9 -0.033908,40.019062,24.9 -0.034811,40.017564,25.4 -0.035046,40.017173,25.7 -0.035249,40.016835,25.9 -0.035425,40.016666,25.9 -0.035627,40.016662,26 -0.035806,40.016591,26 -0.035927,40.016467,26 -0.035966,40.016316,26.1 -0.03593,40.016191,26.1 -0.035839,40.016085,26.1 -0.035802,40.016059,26.1 -0.03584,40.015858,26 -0.036709,40.0144,25.9 -0.038327,40.011686,26.2 -0.038805,40.010882,26.3 -0.039437,40.009823,26.7 -0.03963,40.009504,26.7 -0.040046,40.008817,26.7 -0.041304,40.006709,25.1 -0.041374,40.006587,25 -0.041603,40.006189,25 -0.041897,40.005676,24.9 -0.042008,40.005568,24.9 -0.042177,40.005509,24.9 -0.042462,40.005485,24.9 -0.042696,40.005359,25 -0.04278,40.005258,25 -0.042826,40.005145,24.9 -0.042794,40.004913,24.8 -0.042612,40.004726,24.6 -0.042364,40.00464,24.5 -0.042219,40.004634,24.3 -0.042022,40.004672,24.2 -0.041855,40.00476,24 -0.041808,40.004799,23.9 -0.041626,40.004823,23.7 -0.041475,40.004795,23.6 -0.04078,40.004542,22.6 -0.039563,40.004099,21.3 -0.039181,40.00396,21 -0.039066,40.003918,20.9 -0.038872,40.00374,20.7 -0.038857,40.003584,20.6 -0.038777,40.003465,20.5 -0.038665,40.003385,20.4 -0.038424,40.003323,20.3 -0.038263,40.003337,20.2 -0.038121,40.00339,20.1 -0.038031,40.003453,20 -0.037762,40.003445,19.8 -0.036981,40.003164,19.3 -0.032813,40.001663,17.7 -0.032308,40.001481,17.7 -0.032144,40.001407,17.7 -0.032011,40.001312,17.7 -0.031962,40.001143,17.7 -0.031884,40.001065,17.7 -0.03176,40.001012,17.7 -0.031581,40.001004,17.8 -0.03145,40.00105,17.8 -0.031118,40.00104,17.8 -0.030798,40.000935,17.8 -0.030094,40.000679,17.7 -0.029235,40.000361,17.5 -0.02897,40.000238,17.4 -0.028454,39.999937,17.2 -0.028081,39.999657,17 -0.02395,39.995503,14.4 -0.023366,39.994915,14 -0.023124,39.994661,13.9 -0.022945,39.994416,13.8 -0.022761,39.994167,13.9 -0.022544,39.993743,14 -0.022409,39.993277,14.2 -0.022338,39.992821,14.2 -0.022337,39.992577,14.2 -0.022374,39.992189,14.1 -0.022562,39.991391,13.5 -0.022669,39.990937,13.4 -0.022791,39.990419,13.4 -0.023105,39.989085,14.6 -0.023369,39.987962,15.6 -0.02342899999999999,39.987707,15.8 -0.023545,39.987503,15.9 -0.023699,39.987453,16 -0.0238,39.987348,16.1 -0.023821,39.987246,16.1 -0.023779,39.987141,16.2 -0.023681,39.98706,16.2 -0.02367,39.986846,16.3 -0.02378,39.986548,16.4 -0.023951,39.986085,16.5 -0.024426,39.984796,16.4 -0.024498,39.9846,16.4 -0.024683,39.984127,16.5 -0.024814,39.983984,16.6 -0.024921,39.983955,16.7 -0.025003,39.983896,16.7 -0.025049,39.983805,16.8 -0.025037,39.983709,16.9 -0.02496,39.98362,16.9 -0.025019,39.983455,17 -0.025347,39.982667,17.1 -0.025546,39.982175,16.7 -0.025687,39.981784,16.3 -0.025792,39.981721,16.2 -0.025839,39.981646,16.1 -0.025842,39.981563,16.1 -0.025826,39.981521,16 -0.025932,39.981192,15.7 -0.025996,39.981085,15.6 -0.02623,39.980692,15.4 -0.027556,39.978353,15.7 -0.029335,39.975216,16.5 -0.029442,39.975019,16.6 -0.029677,39.974832,16.8 -0.029853,39.974865,16.9 -0.030046,39.974848,16.9 -0.030183,39.974797,17 -0.030445,39.974804,17.1 -0.030675,39.974842,17.3 -0.03078,39.974879,17.3 -0.03268,39.975535,18.1 -0.032795,39.975575,18.1 -0.033473,39.975809,18.3 
				</coordinates>
			</LineString>
		</Placemark>
		<Placemark id="0B0888F9AF424D45C317">
			<name>Salida</name>
			<styleUrl>#__managed_style_0DC64A98FA424D45C320</styleUrl>
			<Point>
				<coordinates>0.246447,40.252003,15</coordinates>
			</Point>
		</Placemark>
		<Placemark id="085763A1A5424D3EBCF7">
			<name>Punto anonimo 1</name>
			<LookAt>
				<longitude>0.2365021522336619</longitude>
				<latitude>40.27126533143596</latitude>
				<altitude>98.07682300728173</altitude>
				<heading>0</heading>
				<tilt>0</tilt>
				<gx:fovy>34.98077494236288</gx:fovy>
				<range>2037.351034615422</range>
				<altitudeMode>absolute</altitudeMode>
			</LookAt>
			<styleUrl>#__managed_style_0503B3EBF5424D3EBD000</styleUrl>
			<Point>
				<coordinates>0.2396238761134772,40.27224706303852,103.9060264854682</coordinates>
			</Point>
		</Placemark>
		<Placemark id="0186763079424D3F6969">
			<name>Punto anonimo 2</name>
			<LookAt>
				<longitude>0.2247090695863951</longitude>
				<latitude>40.28259311686008</latitude>
				<altitude>159.7357120198402</altitude>
				<heading>0</heading>
				<tilt>0</tilt>
				<gx:fovy>34.98077494236288</gx:fovy>
				<range>146.8764007876598</range>
				<altitudeMode>absolute</altitudeMode>
			</LookAt>
			<styleUrl>#__managed_style_0503B3EBF5424D3EBD000</styleUrl>
			<Point>
				<coordinates>0.2247796336053232,40.28278530900607,159.5430137940347</coordinates>
			</Point>
		</Placemark>
		<Placemark id="0E4D03CC25424D3FCD69">
			<name>Punto anonimo 3</name>
			<LookAt>
				<longitude>0.2271816492923961</longitude>
				<latitude>40.29907144732673</latitude>
				<altitude>150.5816930566803</altitude>
				<heading>0</heading>
				<tilt>0</tilt>
				<gx:fovy>34.98077494236288</gx:fovy>
				<range>311.0877916884783</range>
				<altitudeMode>absolute</altitudeMode>
			</LookAt>
			<styleUrl>#__managed_style_0503B3EBF5424D3EBD000</styleUrl>
			<Point>
				<coordinates>0.2276709686663958,40.2991009089048,149.45091588972</coordinates>
			</Point>
		</Placemark>
		<Placemark id="00E049557E424D4071A1">
			<name>Punto anonimo 4</name>
			<LookAt>
				<longitude>0.2252830372912196</longitude>
				<latitude>40.30128055527258</latitude>
				<altitude>149.6334675682782</altitude>
				<heading>0</heading>
				<tilt>0</tilt>
				<gx:fovy>34.98077494236288</gx:fovy>
				<range>137.9091846049596</range>
				<altitudeMode>absolute</altitudeMode>
			</LookAt>
			<styleUrl>#__managed_style_0503B3EBF5424D3EBD000</styleUrl>
			<Point>
				<coordinates>0.2252221887954176,40.3013808400042,150.0130929829675</coordinates>
			</Point>
		</Placemark>
		<Placemark id="0F47705CAA424D40F590">
			<name>Punto anonimo 5</name>
			<LookAt>
				<longitude>0.2291764076391178</longitude>
				<latitude>40.3060530570441</latitude>
				<altitude>152.609058165276</altitude>
				<heading>0</heading>
				<tilt>0</tilt>
				<gx:fovy>34.98077494236288</gx:fovy>
				<range>80.91386852493089</range>
				<altitudeMode>absolute</altitudeMode>
			</LookAt>
			<styleUrl>#__managed_style_0503B3EBF5424D3EBD000</styleUrl>
			<Point>
				<coordinates>0.2292679797498121,40.30610310384969,152.1200409451372</coordinates>
			</Point>
		</Placemark>
		<Placemark id="0AE65DEAB1424D41B7AE">
			<name>Punto anonimo 5</name>
			<LookAt>
				<longitude>0.2231741008782362</longitude>
				<latitude>40.30498792655689</latitude>
				<altitude>159.3133341919477</altitude>
				<heading>0</heading>
				<tilt>0</tilt>
				<gx:fovy>34.98077494236288</gx:fovy>
				<range>122.6996267082905</range>
				<altitudeMode>absolute</altitudeMode>
			</LookAt>
			<styleUrl>#__managed_style_0503B3EBF5424D3EBD000</styleUrl>
			<Point>
				<coordinates>0.2230582832038652,40.305096228321,159.4443919501619</coordinates>
			</Point>
		</Placemark>
		<Placemark id="02F85E3660424D41F6A6">
			<name>Punto anonimo 6</name>
			<LookAt>
				<longitude>0.2183054879344182</longitude>
				<latitude>40.3030008022949</latitude>
				<altitude>167.3447367227053</altitude>
				<heading>0</heading>
				<tilt>0</tilt>
				<gx:fovy>34.98077494236288</gx:fovy>
				<range>242.5227279152386</range>
				<altitudeMode>absolute</altitudeMode>
			</LookAt>
			<styleUrl>#__managed_style_0503B3EBF5424D3EBD000</styleUrl>
			<Point>
				<coordinates>0.2181075236901608,40.30295855696149,167.6812208670543</coordinates>
			</Point>
		</Placemark>
		<Placemark id="007CB9B185424D4282E8">
			<name>Punto anonimo 7</name>
			<LookAt>
				<longitude>0.1933898765531472</longitude>
				<latitude>40.29696003908101</latitude>
				<altitude>210.3409798032719</altitude>
				<heading>0</heading>
				<tilt>0</tilt>
				<gx:fovy>34.98077494236288</gx:fovy>
				<range>9515.276014921255</range>
				<altitudeMode>absolute</altitudeMode>
			</LookAt>
			<styleUrl>#__managed_style_0503B3EBF5424D3EBD000</styleUrl>
			<Point>
				<coordinates>0.1894851203210135,40.30164349526277,258.151824620125</coordinates>
			</Point>
		</Placemark>
		<Placemark id="07DB518F5D424D42D4FE">
			<name>Punto anonimo 8</name>
			<LookAt>
				<longitude>0.1805964307103203</longitude>
				<latitude>40.29836882050186</latitude>
				<altitude>310.9011510889696</altitude>
				<heading>0</heading>
				<tilt>0</tilt>
				<gx:fovy>34.98077494236288</gx:fovy>
				<range>9414.716384393396</range>
				<altitudeMode>absolute</altitudeMode>
			</LookAt>
			<styleUrl>#__managed_style_0503B3EBF5424D3EBD000</styleUrl>
			<Point>
				<coordinates>0.1819400391346204,40.29240853970354,294.0633522140562</coordinates>
			</Point>
		</Placemark>
		<Placemark id="01228C6ECD424D432578">
			<name>Punto anonimo 9</name>
			<LookAt>
				<longitude>0.1798477534087661</longitude>
				<latitude>40.29673570561598</latitude>
				<altitude>285.2235416158489</altitude>
				<heading>0</heading>
				<tilt>0</tilt>
				<gx:fovy>34.98077494236288</gx:fovy>
				<range>4185.222134017969</range>
				<altitudeMode>absolute</altitudeMode>
			</LookAt>
			<styleUrl>#__managed_style_0503B3EBF5424D3EBD000</styleUrl>
			<Point>
				<coordinates>0.1792845071352445,40.29579297806123,297.2389244772131</coordinates>
			</Point>
		</Placemark>
		<Placemark id="034EE92AEE424D456318">
			<name>Puerto: Puerto de la Serratella</name>
			<styleUrl>#__managed_style_04AE4BA8FE424D4563241</styleUrl>
			<Point>
				<coordinates>0.028365,40.323884,838.4</coordinates>
			</Point>
		</Placemark>
		<Placemark id="0ACFCD4C17424D47AA9E">
			<name>Punto anonimo 10</name>
			<LookAt>
				<longitude>0.1757818018026236</longitude>
				<latitude>40.29416528715399</latitude>
				<altitude>281.2580839981937</altitude>
				<heading>0</heading>
				<tilt>0</tilt>
				<gx:fovy>34.98077494236288</gx:fovy>
				<range>3045.493723670079</range>
				<altitudeMode>absolute</altitudeMode>
			</LookAt>
			<styleUrl>#__managed_style_0503B3EBF5424D3EBD000</styleUrl>
			<Point>
				<coordinates>0.1706601974767818,40.29829229730931,236.2191783855007</coordinates>
			</Point>
		</Placemark>
		<Placemark id="0960B760D3424D48233E">
			<name>Punto anonimo 11</name>
			<LookAt>
				<longitude>0.1768838877543422</longitude>
				<latitude>40.29415998851169</latitude>
				<altitude>292.0362916707728</altitude>
				<heading>0</heading>
				<tilt>0</tilt>
				<gx:fovy>34.98077494236288</gx:fovy>
				<range>3418.539410415106</range>
				<altitudeMode>absolute</altitudeMode>
			</LookAt>
			<styleUrl>#__managed_style_0503B3EBF5424D3EBD000</styleUrl>
			<Point>
				<coordinates>0.1718416051976535,40.29574404238571,226.3409974512018</coordinates>
			</Point>
		</Placemark>
		<Placemark id="0B232211FF424D489D61">
			<name>Punto anonimo 12</name>
			<LookAt>
				<longitude>0.1777086340940648</longitude>
				<latitude>40.29463850858618</latitude>
				<altitude>290.0272871564218</altitude>
				<heading>0</heading>
				<tilt>0</tilt>
				<gx:fovy>34.98077494236288</gx:fovy>
				<range>4590.729995584698</range>
				<altitudeMode>absolute</altitudeMode>
			</LookAt>
			<styleUrl>#__managed_style_0503B3EBF5424D3EBD000</styleUrl>
			<Point>
				<coordinates>0.1643831572041798,40.29548247683246,191.8335295629191</coordinates>
			</Point>
		</Placemark>
		<Placemark id="01A895FDA6424D493CF7">
			<name>Punto anonimo 13</name>
			<LookAt>
				<longitude>0.1519143114336141</longitude>
				<latitude>40.3069328472637</latitude>
				<altitude>236.7042088845479</altitude>
				<heading>0.595553414587408</heading>
				<tilt>0</tilt>
				<gx:fovy>34.98077494236288</gx:fovy>
				<range>7974.237113540295</range>
				<altitudeMode>absolute</altitudeMode>
			</LookAt>
			<styleUrl>#__managed_style_0503B3EBF5424D3EBD000</styleUrl>
			<Point>
				<coordinates>0.1326505658200805,40.32024470237551,235.2420392111205</coordinates>
			</Point>
		</Placemark>
		<Placemark id="0C58802549424D4A6349">
			<name>Punto anonimo 15</name>
			<LookAt>
				<longitude>0.05362088672518084</longitude>
				<latitude>40.27116899949648</latitude>
				<altitude>373.29279096188</altitude>
				<heading>0.5955534138469031</heading>
				<tilt>0</tilt>
				<gx:fovy>34.98077494236288</gx:fovy>
				<range>5030.984230745235</range>
				<altitudeMode>absolute</altitudeMode>
			</LookAt>
			<styleUrl>#__managed_style_0503B3EBF5424D3EBD000</styleUrl>
			<Point>
				<coordinates>0.03896335093779069,40.27118472481438,428.5990075175117</coordinates>
			</Point>
		</Placemark>
		<Placemark id="02CEFCC077424D4AE5F8">
			<name>Punto anonimo 14</name>
			<LookAt>
				<longitude>0.08173152132530559</longitude>
				<latitude>40.26110010733515</latitude>
				<altitude>267.5092346893052</altitude>
				<heading>0.595553413455843</heading>
				<tilt>0</tilt>
				<gx:fovy>34.98077494236288</gx:fovy>
				<range>2179.557659039274</range>
				<altitudeMode>absolute</altitudeMode>
			</LookAt>
			<styleUrl>#__managed_style_0503B3EBF5424D3EBD000</styleUrl>
			<Point>
				<coordinates>0.07958674403153898,40.25865668504347,279.8463810604204</coordinates>
			</Point>
		</Placemark>
		<Placemark id="0ADC65581C424D4B7B30">
			<name>Punto anonimo 16</name>
			<LookAt>
				<longitude>0.0511390442071824</longitude>
				<latitude>40.28576691528993</latitude>
				<altitude>410.7897202543673</altitude>
				<heading>0.5955534132710227</heading>
				<tilt>0</tilt>
				<gx:fovy>34.98077494236288</gx:fovy>
				<range>6688.244515514234</range>
				<altitudeMode>absolute</altitudeMode>
			</LookAt>
			<styleUrl>#__managed_style_0503B3EBF5424D3EBD000</styleUrl>
			<Point>
				<coordinates>0.0402948413604487,40.28758121788008,598.1666814102052</coordinates>
			</Point>
		</Placemark>
		<Placemark id="0F2F6861FE424D4BD04B">
			<name>Punto anonimo 17</name>
			<LookAt>
				<longitude>0.04787650456533621</longitude>
				<latitude>40.28697038797131</latitude>
				<altitude>464.5416903587356</altitude>
				<heading>0.5955534132330794</heading>
				<tilt>0</tilt>
				<gx:fovy>34.98077494236288</gx:fovy>
				<range>6326.808951840503</range>
				<altitudeMode>absolute</altitudeMode>
			</LookAt>
			<styleUrl>#__managed_style_0503B3EBF5424D3EBD000</styleUrl>
			<Point>
				<coordinates>0.0308159894578397,40.28802482823414,718.1946914923672</coordinates>
			</Point>
		</Placemark>
		<Placemark id="0267280EDB424D4C4B0E">
			<name>Punto anonimo 18</name>
			<LookAt>
				<longitude>0.06149567735164396</longitude>
				<latitude>40.33647974521769</latitude>
				<altitude>550.9679412176994</altitude>
				<heading>0.5955534130182718</heading>
				<tilt>0</tilt>
				<gx:fovy>34.98077494236288</gx:fovy>
				<range>6598.243486729916</range>
				<altitudeMode>absolute</altitudeMode>
			</LookAt>
			<styleUrl>#__managed_style_0503B3EBF5424D3EBD000</styleUrl>
			<Point>
				<coordinates>0.05115331862051375,40.33936381034038,743.3014827004519</coordinates>
			</Point>
		</Placemark>
		<Placemark id="06308EF5F5424D4C93A8">
			<name>Punto anonimo 19</name>
			<LookAt>
				<longitude>0.03300973202516211</longitude>
				<latitude>40.35123458791528</latitude>
				<altitude>562.7485707188357</altitude>
				<heading>0.5955534127098301</heading>
				<tilt>0</tilt>
				<gx:fovy>34.98077494236288</gx:fovy>
				<range>4923.485041548265</range>
				<altitudeMode>absolute</altitudeMode>
			</LookAt>
			<styleUrl>#__managed_style_0503B3EBF5424D3EBD000</styleUrl>
			<Point>
				<coordinates>0.02351129452145218,40.35614525718778,527.0200222974769</coordinates>
			</Point>
		</Placemark>
		<Placemark id="016BD12C4F424D4CD1A3">
			<name>Punto anonimo 20</name>
			<LookAt>
				<longitude>-0.02019770491514028</longitude>
				<latitude>40.30192397850761</latitude>
				<altitude>789.6087009359701</altitude>
				<heading>0.5955534125923285</heading>
				<tilt>0</tilt>
				<gx:fovy>34.98077494236288</gx:fovy>
				<range>11036.56537659816</range>
				<altitudeMode>absolute</altitudeMode>
			</LookAt>
			<styleUrl>#__managed_style_0503B3EBF5424D3EBD000</styleUrl>
			<Point>
				<coordinates>-0.04714507851369065,40.29859582162118,473.5318846951765</coordinates>
			</Point>
		</Placemark>
		<Placemark id="051D9DB1C8424D4629D6">
			<name>Puerto: Coll de la Bandereta</name>
			<styleUrl>#__managed_style_04AE4BA8FE424D4563241</styleUrl>
			<Point>
				<coordinates>-0.032645,40.276616,780.9</coordinates>
			</Point>
		</Placemark>
		<Placemark id="0DCAD4896B424D4DCE16">
			<name>Punto anonimo 21</name>
			<LookAt>
				<longitude>0.0046845388522887</longitude>
				<latitude>40.25317188902142</latitude>
				<altitude>634.4891338852786</altitude>
				<heading>0.5955534118414199</heading>
				<tilt>0</tilt>
				<gx:fovy>34.98077494236288</gx:fovy>
				<range>8387.094313732816</range>
				<altitudeMode>absolute</altitudeMode>
			</LookAt>
			<styleUrl>#__managed_style_0503B3EBF5424D3EBD000</styleUrl>
			<Point>
				<coordinates>-0.006443080415776681,40.2584881969107,672.3364057200261</coordinates>
			</Point>
		</Placemark>
		<Placemark id="0652D69B53424D4E2DB7">
			<name>Punto anonimo 22</name>
			<LookAt>
				<longitude>0.008038746513849837</longitude>
				<latitude>40.24032691530629</latitude>
				<altitude>415.0775799201091</altitude>
				<heading>0.5955534117630853</heading>
				<tilt>0</tilt>
				<gx:fovy>34.98077494236288</gx:fovy>
				<range>14878.27138340101</range>
				<altitudeMode>absolute</altitudeMode>
			</LookAt>
			<styleUrl>#__managed_style_0503B3EBF5424D3EBD000</styleUrl>
			<Point>
				<coordinates>-0.01409920327322789,40.23969807468182,525.1303478316754</coordinates>
			</Point>
		</Placemark>
		<Placemark id="01DF00A4A2424D4E5C54">
			<name>Punto anonimo 23</name>
			<LookAt>
				<longitude>0.02682388260464963</longitude>
				<latitude>40.20990090026877</latitude>
				<altitude>310.8569212721503</altitude>
				<heading>0.5955534117404419</heading>
				<tilt>0</tilt>
				<gx:fovy>34.98077494236288</gx:fovy>
				<range>2026.54841910582</range>
				<altitudeMode>absolute</altitudeMode>
			</LookAt>
			<styleUrl>#__managed_style_0503B3EBF5424D3EBD000</styleUrl>
			<Point>
				<coordinates>0.02596022277109977,40.21009927524121,307.8790075013571</coordinates>
			</Point>
		</Placemark>
		<Placemark id="0ADB0E80A2424D4ECC34">
			<name>Punto anonimo 24</name>
			<LookAt>
				<longitude>-0.028656073087171</longitude>
				<latitude>40.18254731340282</latitude>
				<altitude>301.7813181724171</altitude>
				<heading>0.5955534115531737</heading>
				<tilt>0</tilt>
				<gx:fovy>34.98077494236288</gx:fovy>
				<range>3020.018575240974</range>
				<altitudeMode>absolute</altitudeMode>
			</LookAt>
			<styleUrl>#__managed_style_0503B3EBF5424D3EBD000</styleUrl>
			<Point>
				<coordinates>-0.0338610123954175,40.1811157988046,310.080712971785</coordinates>
			</Point>
		</Placemark>
		<Placemark id="070ADB7BDA424D4F1464">
			<name>Punto anonimo 25</name>
			<LookAt>
				<longitude>-0.02554996711779056</longitude>
				<latitude>40.17077541741154</latitude>
				<altitude>287.7971995088828</altitude>
				<heading>0.5955534114277162</heading>
				<tilt>0</tilt>
				<gx:fovy>34.98077494236288</gx:fovy>
				<range>3023.34391177632</range>
				<altitudeMode>absolute</altitudeMode>
			</LookAt>
			<styleUrl>#__managed_style_0503B3EBF5424D3EBD000</styleUrl>
			<Point>
				<coordinates>-0.02755122983757241,40.1687371940578,280.3259672440814</coordinates>
			</Point>
		</Placemark>
		<Placemark id="005773B2E5424D4F4031">
			<name>Punto anonimo 26</name>
			<LookAt>
				<longitude>-0.01173679943748396</longitude>
				<latitude>40.17225304655972</latitude>
				<altitude>287.0083979815964</altitude>
				<heading>0.5955534113720253</heading>
				<tilt>0</tilt>
				<gx:fovy>34.98077494236288</gx:fovy>
				<range>1936.014490957023</range>
				<altitudeMode>absolute</altitudeMode>
			</LookAt>
			<styleUrl>#__managed_style_0503B3EBF5424D3EBD000</styleUrl>
			<Point>
				<coordinates>-0.01242814272227388,40.17350114472946,291.7701719510278</coordinates>
			</Point>
		</Placemark>
		<Placemark id="0EEB3B6C3D424D4F8C80">
			<name>Punto anonimo 27</name>
			<LookAt>
				<longitude>0.04415981244904277</longitude>
				<latitude>40.15511577550709</latitude>
				<altitude>278.3522573896043</altitude>
				<heading>0.5955534112441199</heading>
				<tilt>0</tilt>
				<gx:fovy>34.98077494236288</gx:fovy>
				<range>2403.677813437243</range>
				<altitudeMode>absolute</altitudeMode>
			</LookAt>
			<styleUrl>#__managed_style_0503B3EBF5424D3EBD000</styleUrl>
			<Point>
				<coordinates>0.04430546743957153,40.15524521701766,278.3606749252861</coordinates>
			</Point>
		</Placemark>
		<Placemark id="024D6E317A424D506FB0">
			<name>Punto anonimo 28</name>
			<LookAt>
				<longitude>0.07820266630776729</longitude>
				<latitude>40.16036502206303</latitude>
				<altitude>348.4581845606926</altitude>
				<heading>0.5955534108714196</heading>
				<tilt>0</tilt>
				<gx:fovy>34.98077494236288</gx:fovy>
				<range>9925.480214380659</range>
				<altitudeMode>absolute</altitudeMode>
			</LookAt>
			<styleUrl>#__managed_style_0503B3EBF5424D3EBD000</styleUrl>
			<Point>
				<coordinates>0.08072033546731916,40.15957775241675,336.8424465546821</coordinates>
			</Point>
		</Placemark>
		<Placemark id="00BA3DB16D424D51EE8E">
			<name>Punto anonimo 29</name>
			<LookAt>
				<longitude>0.1070749161512641</longitude>
				<latitude>40.14897698777198</latitude>
				<altitude>213.2096950675873</altitude>
				<heading>0.5955534107771734</heading>
				<tilt>0</tilt>
				<gx:fovy>34.98077494236288</gx:fovy>
				<range>14271.87566593057</range>
				<altitudeMode>absolute</altitudeMode>
			</LookAt>
			<styleUrl>#__managed_style_0503B3EBF5424D3EBD000</styleUrl>
			<Point>
				<coordinates>0.1516695993007966,40.13938323332589,11.78297260874237</coordinates>
			</Point>
		</Placemark>
		<Placemark id="0A3C745AEA424D52DD34">
			<name>Punto anonimo 30</name>
			<LookAt>
				<longitude>0.1109472120278543</longitude>
				<latitude>40.07611317167524</latitude>
				<altitude>104.2552566048136</altitude>
				<heading>358.6248132206206</heading>
				<tilt>0</tilt>
				<gx:fovy>34.98077494236288</gx:fovy>
				<range>3822.318408490391</range>
				<altitudeMode>absolute</altitudeMode>
			</LookAt>
			<styleUrl>#__managed_style_0503B3EBF5424D3EBD000</styleUrl>
			<Point>
				<coordinates>0.1097276909895206,40.07317794072012,112.6201297859993</coordinates>
			</Point>
		</Placemark>
		<Placemark id="05CB2B086E424D545E78">
			<name>Punto anonimo 31</name>
			<LookAt>
				<longitude>0.0904607723281825</longitude>
				<latitude>40.05642810795548</latitude>
				<altitude>21.4648279111788</altitude>
				<heading>358.6248111809583</heading>
				<tilt>0</tilt>
				<gx:fovy>34.98077494236288</gx:fovy>
				<range>346.3719087650315</range>
				<altitudeMode>absolute</altitudeMode>
			</LookAt>
			<styleUrl>#__managed_style_0503B3EBF5424D3EBD000</styleUrl>
			<Point>
				<coordinates>0.08997620603689027,40.05612655224824,16.25697276607643</coordinates>
			</Point>
		</Placemark>
		<Placemark id="00C1E09707424D54D6EF">
			<name>Punto anonimo 32</name>
			<LookAt>
				<longitude>0.07430268569777132</longitude>
				<latitude>40.0599773072397</latitude>
				<altitude>16.55160438760526</altitude>
				<heading>358.6248102873889</heading>
				<tilt>0</tilt>
				<gx:fovy>34.98077494236288</gx:fovy>
				<range>3641.423364373622</range>
				<altitudeMode>absolute</altitudeMode>
			</LookAt>
			<styleUrl>#__managed_style_0503B3EBF5424D3EBD000</styleUrl>
			<Point>
				<coordinates>0.06876416475096292,40.05660925781514,9.971627384616873</coordinates>
			</Point>
		</Placemark>
		<Placemark id="0DC6C7DCF8424D5545FB">
			<name>Punto anonimo 33</name>
			<LookAt>
				<longitude>0.04704942637737908</longitude>
				<latitude>40.05797267948711</latitude>
				<altitude>146.0451334238134</altitude>
				<heading>358.6248099149755</heading>
				<tilt>0</tilt>
				<gx:fovy>34.98077494236288</gx:fovy>
				<range>749.5333860605751</range>
				<altitudeMode>absolute</altitudeMode>
			</LookAt>
			<styleUrl>#__managed_style_0503B3EBF5424D3EBD000</styleUrl>
			<Point>
				<coordinates>0.04521438695652247,40.0569063237886,73.24695963500059</coordinates>
			</Point>
		</Placemark>
		<Placemark id="0E7004C446424D5631C3">
			<name>Punto anonimo 34</name>
			<LookAt>
				<longitude>0.04294063104668844</longitude>
				<latitude>40.07506375564654</latitude>
				<altitude>278.3179388116617</altitude>
				<heading>358.6248066239112</heading>
				<tilt>0</tilt>
				<gx:fovy>34.98077494236288</gx:fovy>
				<range>387.5501125363735</range>
				<altitudeMode>absolute</altitudeMode>
			</LookAt>
			<styleUrl>#__managed_style_0503B3EBF5424D3EBD000</styleUrl>
			<Point>
				<coordinates>0.04257180622286638,40.07571551393073,270.962151792662</coordinates>
			</Point>
		</Placemark>
		<Placemark id="00B2FFBA3F424D56930E">
			<name>Punto anonimo 35</name>
			<LookAt>
				<longitude>0.0447185507713721</longitude>
				<latitude>40.07132452843421</latitude>
				<altitude>303.8117244794079</altitude>
				<heading>358.6247999955782</heading>
				<tilt>0</tilt>
				<gx:fovy>34.98077494236288</gx:fovy>
				<range>119.2855431449971</range>
				<altitudeMode>absolute</altitudeMode>
			</LookAt>
			<styleUrl>#__managed_style_0503B3EBF5424D3EBD000</styleUrl>
			<Point>
				<coordinates>0.04453848452825593,40.07141560082079,303.976106525694</coordinates>
			</Point>
		</Placemark>
		<Placemark id="02B1B3A751424D576050">
			<name>Punto anonimo 36</name>
			<LookAt>
				<longitude>0.04157313457994416</longitude>
				<latitude>40.07938546089856</latitude>
				<altitude>367.8088661081072</altitude>
				<heading>358.6247976522523</heading>
				<tilt>0</tilt>
				<gx:fovy>34.98077494236288</gx:fovy>
				<range>172.4627785160919</range>
				<altitudeMode>absolute</altitudeMode>
			</LookAt>
			<styleUrl>#__managed_style_0503B3EBF5424D3EBD000</styleUrl>
			<Point>
				<coordinates>0.0414885587125946,40.07959550911122,379.7956318914083</coordinates>
			</Point>
		</Placemark>
		<Placemark id="075E9DA6BD424D46CCC8">
			<name>Puerto: Alto del Desierto de las Palmas</name>
			<styleUrl>#__managed_style_04AE4BA8FE424D4563241</styleUrl>
			<Point>
				<coordinates>0.027091,40.073811,419.2</coordinates>
			</Point>
		</Placemark>
		<Placemark id="0091D91C81424D63480C">
			<name>Punto anonimo 37</name>
			<LookAt>
				<longitude>-0.00804750462111925</longitude>
				<latitude>40.0262367062688</latitude>
				<altitude>37.41988431248154</altitude>
				<heading>358.6247313056441</heading>
				<tilt>0</tilt>
				<gx:fovy>34.98077494236288</gx:fovy>
				<range>157.0203552786552</range>
				<altitudeMode>absolute</altitudeMode>
			</LookAt>
			<styleUrl>#__managed_style_04AE4BA8FE424D4563240</styleUrl>
			<Point>
				<coordinates>-0.008524476737522546,40.02614983228354,28.95497207992561</coordinates>
			</Point>
		</Placemark>
		<Placemark id="0BB2242295424D468F40">
			<name>Sprint Intermedio</name>
			<styleUrl>#__managed_style_0143CBF80B424D468F46</styleUrl>
			<Point>
				<coordinates>-0.007069999999999999,40.025169,23</coordinates>
			</Point>
		</Placemark>
		<Placemark id="0F01359578424D5B4A68">
			<name>Punto anonimo 38</name>
			<LookAt>
				<longitude>0.017633516712241</longitude>
				<latitude>40.0267967818916</latitude>
				<altitude>2.635039040012599</altitude>
				<heading>358.6247709575597</heading>
				<tilt>0</tilt>
				<gx:fovy>34.98077494236288</gx:fovy>
				<range>1034.320304165158</range>
				<altitudeMode>absolute</altitudeMode>
			</LookAt>
			<styleUrl>#__managed_style_0503B3EBF5424D3EBD000</styleUrl>
			<Point>
				<coordinates>0.01638715469554741,40.02536774858154,2.070523493352399</coordinates>
			</Point>
		</Placemark>
		<Placemark id="090976B6DA424D5C19D9">
			<name>Punto anonimo 39</name>
			<LookAt>
				<longitude>0.07430268569777132</longitude>
				<latitude>40.0599773072397</latitude>
				<altitude>16.55160438760526</altitude>
				<heading>358.6248102873889</heading>
				<tilt>0</tilt>
				<gx:fovy>34.98077494236288</gx:fovy>
				<range>3641.423364373622</range>
				<altitudeMode>absolute</altitudeMode>
			</LookAt>
			<styleUrl>#__managed_style_0503B3EBF5424D3EBD00</styleUrl>
			<Point>
				<coordinates>0.06876416475096292,40.05660925781514,9.971627384616873</coordinates>
			</Point>
		</Placemark>
		<Placemark id="15CF33AFB1424D5D8CD8">
			<name>Punto anonimo 40</name>
			<LookAt>
				<longitude>0.04704942637737908</longitude>
				<latitude>40.05797267948711</latitude>
				<altitude>146.0451334238134</altitude>
				<heading>358.6248099149755</heading>
				<tilt>0</tilt>
				<gx:fovy>34.98077494236288</gx:fovy>
				<range>749.5333860605751</range>
				<altitudeMode>absolute</altitudeMode>
			</LookAt>
			<styleUrl>#__managed_style_0503B3EBF5424D3EBD001</styleUrl>
			<Point>
				<coordinates>0.04521438695652247,40.0569063237886,73.24695963500059</coordinates>
			</Point>
		</Placemark>
		<Placemark id="267D55DEB5424D5D8CD8">
			<name>Punto anonimo 41</name>
			<LookAt>
				<longitude>0.04294063104668844</longitude>
				<latitude>40.07506375564654</latitude>
				<altitude>278.3179388116617</altitude>
				<heading>358.6248066239112</heading>
				<tilt>0</tilt>
				<gx:fovy>34.98077494236288</gx:fovy>
				<range>387.5501125363735</range>
				<altitudeMode>absolute</altitudeMode>
			</LookAt>
			<styleUrl>#__managed_style_0503B3EBF5424D3EBD001</styleUrl>
			<Point>
				<coordinates>0.04257180622286638,40.07571551393073,270.962151792662</coordinates>
			</Point>
		</Placemark>
		<Placemark id="098FB3297D424D5D8CD8">
			<name>Punto anonimo 42</name>
			<LookAt>
				<longitude>0.0447185507713721</longitude>
				<latitude>40.07132452843421</latitude>
				<altitude>303.8117244794079</altitude>
				<heading>358.6247999955782</heading>
				<tilt>0</tilt>
				<gx:fovy>34.98077494236288</gx:fovy>
				<range>119.2855431449971</range>
				<altitudeMode>absolute</altitudeMode>
			</LookAt>
			<styleUrl>#__managed_style_0503B3EBF5424D3EBD001</styleUrl>
			<Point>
				<coordinates>0.04453848452825593,40.07141560082079,303.976106525694</coordinates>
			</Point>
		</Placemark>
		<Placemark id="02907A02C0424D5F4230">
			<name>Punto anonimo 43</name>
			<LookAt>
				<longitude>0.04567313676236529</longitude>
				<latitude>40.08736438717997</latitude>
				<altitude>488.1176662057632</altitude>
				<heading>358.6247568430444</heading>
				<tilt>0</tilt>
				<gx:fovy>34.98077494236288</gx:fovy>
				<range>84.49982557627663</range>
				<altitudeMode>absolute</altitudeMode>
			</LookAt>
			<styleUrl>#__managed_style_0503B3EBF5424D3EBD000</styleUrl>
			<Point>
				<coordinates>0.0456377813727693,40.08751906591259,487.6313054406799</coordinates>
			</Point>
		</Placemark>
		<Placemark id="00525C9145424D46F8E3">
			<name>Puerto: Puerto El Bartolo (Bonificado)</name>
			<styleUrl>#__managed_style_04AE4BA8FE424D4563241</styleUrl>
			<Point>
				<coordinates>0.031343,40.085827,692.7</coordinates>
			</Point>
		</Placemark>
		<Placemark id="023BDFFE8C424D607194">
			<name>Punto anonimo 44</name>
			<LookAt>
				<longitude>0.0211655594948712</longitude>
				<latitude>40.07676669289886</latitude>
				<altitude>578.4647226029185</altitude>
				<heading>358.6247409821609</heading>
				<tilt>0</tilt>
				<gx:fovy>34.98077494236288</gx:fovy>
				<range>144.8196206204739</range>
				<altitudeMode>absolute</altitudeMode>
			</LookAt>
			<styleUrl>#__managed_style_0503B3EBF5424D3EBD000</styleUrl>
			<Point>
				<coordinates>0.02106022196473267,40.07680420206047,581.1109737868163</coordinates>
			</Point>
		</Placemark>
		<Placemark id="0877632E12424D618A6E">
			<name>Puerto: Alto del Desierto de las Palmas</name>
			<styleUrl>#__managed_style_04AE4BA8FE424D456324</styleUrl>
			<Point>
				<coordinates>0.027091,40.073811,419.2</coordinates>
			</Point>
		</Placemark>
		<Placemark id="0F6D5EDB17424D6220E1">
			<name>Punto anonimo 45</name>
			<LookAt>
				<longitude>-0.00804750462111925</longitude>
				<latitude>40.0262367062688</latitude>
				<altitude>37.41988431248154</altitude>
				<heading>358.6247313056441</heading>
				<tilt>0</tilt>
				<gx:fovy>34.98077494236288</gx:fovy>
				<range>157.0203552786552</range>
				<altitudeMode>absolute</altitudeMode>
			</LookAt>
			<styleUrl>#__managed_style_04AE4BA8FE424D4563241</styleUrl>
			<Point>
				<coordinates>-0.008524476737522546,40.02614983228354,28.95497207992561</coordinates>
			</Point>
		</Placemark>
		<Placemark id="01DDD5D8E5424D64D473">
			<name>Punto anonimo 46</name>
			<LookAt>
				<longitude>-0.04068182074276727</longitude>
				<latitude>40.00571665218055</latitude>
				<altitude>23.39610138773412</altitude>
				<heading>358.6247268626325</heading>
				<tilt>0</tilt>
				<gx:fovy>34.98077494236288</gx:fovy>
				<range>840.6127758327057</range>
				<altitudeMode>absolute</altitudeMode>
			</LookAt>
			<styleUrl>#__managed_style_04AE4BA8FE424D4563241</styleUrl>
			<Point>
				<coordinates>-0.04278556111082632,40.00498562513872,26.52598072689248</coordinates>
			</Point>
		</Placemark>
		<Placemark id="0BDFC0C79F424D655346">
			<name>Punto anonimo 47</name>
			<LookAt>
				<longitude>-0.02235234790876395</longitude>
				<latitude>39.99329453622563</latitude>
				<altitude>16.14397352233197</altitude>
				<heading>358.6247219151343</heading>
				<tilt>0</tilt>
				<gx:fovy>34.98077494236288</gx:fovy>
				<range>311.4877675206299</range>
				<altitudeMode>absolute</altitudeMode>
			</LookAt>
			<styleUrl>#__managed_style_04AE4BA8FE424D4563241</styleUrl>
			<Point>
				<coordinates>-0.022453158945972,39.99345127034033,14.4006348901293</coordinates>
			</Point>
		</Placemark>
		<Placemark id="0DBCDA1837424D4723E8">
			<name>Meta</name>
			<styleUrl>#__managed_style_0DC64A98FA424D45C320</styleUrl>
			<Point>
				<coordinates>-0.033494,39.975814,19.99</coordinates>
			</Point>
		</Placemark>
	</Folder>
</Document>
</kml>
